I,00-100
I,002558
I,0111
I,01111
I,011120161
I,0124
I,01478
I,01542
I,01548
I,0154856
I,01548561
I,015489
I,019999
I,020141125
I,020150723
I,02022015
I,0206202001
I,022721
I,0256
I,03112016
I,032255
I,04082011
I,04102013
I,04122013
I,041220131
I,041505
I,042714
I,050060
I,050111
I,05102011
I,053065
I,05468
I,059999
I,06121950
I,06121951
I,07131
I,07132
I,07191975
I,08042016
I,0859634
I,0905
I,09092014
I,09122019
I,09182015
I,09876
I,1
I,10
I,100
I,1000
I,10001
I,1001
I,100100
I,10011
I,100120171
I,1001A
I,1002
I,1002B
I,1003
I,1004
I,1005
I,10052
I,10052L
I,1006
I,1007
I,1008
I,10081
I,10082
I,10083
I,100831
I,1009
I,10090
I,100901
I,101
I,1010
I,10101
I,1010101010
I,10102
I,10103
I,10104
I,10106
I,10107
I,10108
I,10109
I,1011
I,10110
I,10111
I,101111
I,101112
I,10112
I,10112006
I,10113
I,10114
I,10115
I,10116
I,1012
I,1013
I,1014
I,1014L
I,1015
I,1016
I,10162015
I,1017
I,1018
I,1019
I,102
I,1020
I,1021
I,1022
I,1023
I,102304
I,1024
I,10242014
I,1025
I,1028
I,103
I,1030
I,1031
I,1032
I,1033
I,1034
I,1035
I,1036
I,1037
I,1038
I,1039
I,104
I,1040
I,1041
I,1042
I,1043
I,1045
I,1046
I,1047
I,1050
I,1051
I,1052
I,106666
I,1090
I,1091
I,1092
I,1093
I,1094
I,1095
I,1096
I,11
I,1100
I,1101
I,11011
I,1102
I,11020
I,1103
I,11032010
I,1104
I,1106
I,1107
I,1108
I,1109
I,11092010
I,111
I,1110
I,1111
I,111100
I,1111111
I,11111111
I,111111111
I,1111111111
I,11112004
I,1112
I,111200
I,11122
I,111222333
I,1112341
I,11123412
I,1113
I,1114
I,1115
I,1116
I,1117
I,11172011
I,1118
I,1119
I,111A
I,112
I,1120
I,1121
I,1122
I,11221122
I,112233
I,1123
I,1124
I,1125
I,1126
I,1127
I,1128
I,1129
I,113
I,1130
I,11302016
I,1131
I,1132
I,113355
I,1134
I,1135
I,1136
I,1137
I,113A
I,114
I,1142
I,115
I,116
I,117
I,1171
I,12
I,120
I,120120171
I,12032013
I,12061951
I,12062010
I,121
I,1212
I,1212005
I,121212
I,1212121
I,12121212
I,121212121
I,1212345
I,121712141645
I,122
I,122001
I,122003
I,1222
I,1223
I,12231971
I,122320201
I,122320202
I,122320203
I,122320204
I,1224545
I,123
I,123000
I,123001
I,123003
I,123007
I,123020161
I,123123
I,123123123
I,12313241234
I,123321
I,1234
I,1234123
I,12341324
I,1234324
I,12344
I,12345
I,12345345
I,123454321
I,123455
I,123456
I,1234566
I,12345678
I,1234567890
I,123456789111
I,12345679
I,123457
I,123458
I,123459
I,12356
I,12356985
I,1238
I,123987
I,123999
I,12433
I,125456
I,12546
I,12554
I,12587
I,127001
I,12790
I,1281
I,1282
I,1291
I,12999
I,13
I,1301
I,130218
I,130313
I,130411
I,130413
I,1312101
I,131313
I,134
I,1345
I,1352011
I,1357908642
I,1357986420
I,13654687
I,138093
I,14
I,14062011
I,140820120830
I,140820121150
I,1452
I,14587
I,14588
I,1478
I,147852
I,14789
I,147899
I,15
I,150
I,150001
I,150213
I,150920101015
I,151
I,151614
I,152
I,153
I,154
I,1545454
I,1546
I,154679
I,1548
I,15487
I,154871
I,1548711
I,15487111
I,154871111
I,1548711111
I,15487111112
I,15487111113
I,15487112
I,154871123541
I,154871123542
I,154871125
I,154871125541
I,154871125547
I,154875
I,1568
I,16
I,160001
I,16062014
I,16587
I,16827
I,17
I,170520161
I,1791
I,18
I,181818
I,182376
I,183
I,1869
I,19
I,19062014
I,19071975
I,19190
I,19191
I,19193
I,1950
I,195011
I,1971
I,1975
I,19750719
I,197520200429
I,1999
I,19991
I,2
I,20
I,200
I,2001
I,20012
I,200150617
I,2003100
I,20031001
I,2003101
I,2003123
I,20041207
I,20050401
I,20050412
I,20050418
I,20050421
I,2005401
I,20092009
I,200A
I,201
I,2010121403
I,2010375
I,20120501
I,20120612
I,20120722
I,20120723
I,201207311123
I,201207311135
I,201207311229
I,201301
I,20130305
I,20130524
I,20130922
I,20131004
I,201310081041
I,20131011
I,20131013
I,20131014
I,20131016
I,20131128
I,20131130
I,20131201
I,20131216
I,20140116
I,20140120
I,20140212
I,20140301
I,20140302
I,20140303
I,20140304
I,20140310
I,20140408
I,20140523
I,20140610
I,20140611
I,20140616
I,20140624
I,20140625
I,20140708
I,20140805
I,20140918
I,20140919
I,20140925
I,20141002
I,20141113
I,20141125
I,20141203
I,20141204
I,20141212
I,20141215
I,20150101
I,20150201
I,20150202
I,20150203
I,20150204
I,20150214
I,20150224
I,20150301
I,20150314
I,20150318
I,20150504
I,20150505
I,20150507
I,20150508
I,20150519
I,20150520
I,20150521
I,20150601
I,20150602
I,20150603
I,20150604
I,20150605
I,20150606
I,20150607
I,20150609
I,20150615
I,20150617
I,20150619
I,20150701
I,20150702
I,20150703
I,20150704
I,20150706
I,20150707
I,201507071
I,20150708
I,20150724
I,20150730
I,20150812
I,20160101
I,20160104
I,20160105
I,20160107
I,20160111
I,20160201
I,20160202
I,20160203
I,20160205
I,20160301
I,20160308
I,20160331
I,20160401
I,20160408
I,20160412
I,20160414
I,20160425
I,20160426
I,20160603
I,20161024
I,20161118
I,20161119
I,20161125
I,20170101
I,20170107
I,20170108
I,20170109
I,20170323
I,20170501
I,20170515
I,20180529
I,20180530
I,201805302
I,20181003
I,20181005
I,20181010
I,20181011
I,20181018
I,20181019
I,20181204
I,20181207
I,20190205
I,20190405
I,20190418
I,20190419
I,20190715
I,20190801
I,20190802
I,20190823
I,20190904
I,20190909
I,20190910
I,20191005
I,20191007
I,20191010
I,20191122
I,202
I,20200220
I,20200221
I,20200301
I,20200310
I,20200323
I,20200323751
I,20200323752
I,20200601
I,20200709
I,20200716
I,20200812
I,20200820
I,20200828
I,20200901
I,20200929
I,20201005
I,20201007
I,202010211
I,20201026
I,20201106
I,20201111
I,20201112
I,20201119
I,20201123
I,20201203
I,20210310
I,20210317
I,20210318
I,20210319
I,20210407
I,20210430
I,20210501
I,20210614
I,20210730
I,20210731
I,20210801
I,20210802
I,20210803
I,20211011
I,20211110
I,20211213
I,20220110
I,20220111
I,20220112
I,203
I,204
I,20456
I,205
I,206
I,207
I,208
I,209
I,21
I,210
I,2100
I,212
I,21221
I,213
I,215
I,2161
I,218
I,22
I,220
I,22072011
I,221
I,222
I,22221
I,22222
I,222223
I,22223
I,22224
I,22225
I,22226
I,22227
I,22228
I,22229
I,22230
I,22231
I,22232
I,22234
I,22235
I,22237
I,22238
I,22239
I,22240
I,22241
I,22242
I,22243
I,22244
I,22245
I,22246
I,22247
I,223000
I,223001
I,230
I,2300
I,230211
I,23121971
I,23222
I,2323
I,2323001
I,2323123123
I,233
I,233001
I,233124
I,2333
I,234234
I,23423423
I,2343241
I,2343243
I,234431
I,23456
I,236589
I,24
I,240
I,240620151105
I,240620151108
I,241
I,24211
I,246
I,2468
I,25
I,250
I,25082010
I,2555
I,25644
I,26
I,260810
I,26102010
I,26102016
I,27
I,28
I,28052018
I,28072015
I,280920101120
I,29
I,29042015
I,29102010
I,291020101
I,29121
I,29122011
I,2999
I,3
I,30
I,300
I,30072018
I,30082010
I,301
I,302
I,304051
I,304052
I,31
I,3111
I,31118
I,3161
I,3171
I,3181
I,3182
I,3191
I,32
I,3210
I,321123
I,321321
I,32132132111
I,32134
I,3215
I,321654
I,3216541
I,32165412
I,321654129
I,3216542
I,32165424
I,321654564
I,321654987
I,3241
I,3251
I,3252
I,3259
I,32591
I,3260
I,3261
I,3262
I,3264
I,3265
I,32652
I,32653
I,32654
I,32655
I,32656
I,32657
I,32658
I,32659
I,3266
I,32660
I,32661
I,3266100
I,33
I,33212
I,333
I,333001
I,333333
I,3333333
I,33333333
I,333333333
I,3333333333
I,33339
I,3345
I,3346
I,3349
I,3356
I,3390
I,34
I,343334
I,343411
I,3459
I,3489
I,34949
I,35
I,351
I,353535
I,354
I,355
I,36
I,3657
I,36985
I,369874
I,37
I,38
I,39
I,39449449
I,4
I,40
I,400
I,40000
I,4012005
I,41
I,413001
I,4154154
I,42
I,43
I,44
I,444
I,4444
I,444433334
I,44445
I,444451
I,44459
I,45
I,4500
I,452
I,453
I,454
I,45424
I,4545
I,454545456
I,4555
I,455556
I,4556
I,456
I,4563
I,456456
I,45678
I,4568
I,45687
I,457896
I,46
I,4654
I,46544
I,465447
I,4654474
I,465465
I,46546541
I,465465412
I,4654654121
I,46546541212
I,4654657
I,465488
I,4658
I,47283
I,488
I,48988
I,5
I,50
I,500
I,501
I,502
I,503
I,505050
I,5072011
I,5092
I,5093
I,514987556
I,51498756
I,5182016
I,53001
I,5413
I,54444
I,54449
I,54512121
I,545121212
I,5451212121
I,54512121213
I,545123121213
I,545123121214
I,545354512121
I,5454545
I,54545451
I,545454512
I,5454545121
I,54545451212
I,545454512121
I,54545454
I,5454545454
I,54554
I,545542
I,5455423
I,54554235
I,546464
I,54646465
I,546546454
I,5466
I,546888
I,54698
I,5487
I,54987
I,549872
I,5500
I,550001
I,551255
I,555
I,555466
I,5555
I,55550
I,55553
I,55554
I,55555
I,555555555555
I,555566
I,55567
I,55656565
I,55667
I,56
I,565656565
I,5665665565
I,56678
I,567
I,56789
I,5689
I,57
I,5791
I,58
I,5871
I,5897
I,6
I,600
I,6000
I,601
I,621654
I,6242011
I,62420111
I,6251
I,6252
I,65014234
I,6535
I,65401
I,6542
I,654231
I,654321
I,6545454
I,6546
I,65464
I,654645
I,6546454
I,6546465
I,65464987987
I,654654
I,6546541
I,654654646454
I,65465464654
I,654654646541
I,6548
I,654818222
I,6548182234
I,65481822342
I,65485
I,654851
I,65498
I,654987
I,6549871
I,6549873
I,65498734
I,6549879
I,65498888
I,655
I,655448
I,6555
I,65552
I,655523
I,655555
I,6555554
I,655959
I,65698
I,6587
I,65879
I,658791
I,6587911
I,65879111
I,658791111
I,6587911115
I,65879111152
I,658792111152
I,658792111153
I,658792111154
I,65988888
I,6598989
I,65989891
I,66
I,665555
I,6656565
I,66565651
I,665656512
I,6656565121
I,66565651212
I,666
I,66655988
I,666559881
I,6666666
I,66669
I,6669
I,66778899
I,67676
I,678910
I,67987
I,6879
I,6898
I,7
I,700
I,7000
I,701
I,702
I,703
I,704
I,705
I,70501
I,7092010
I,71201
I,71202
I,7191975
I,7507
I,75202004011
I,75843
I,763324
I,765332
I,76792
I,777
I,7777
I,77777
I,777888
I,7787
I,77871
I,779
I,77910
I,779911
I,780
I,787790
I,7878
I,78787
I,787878
I,78788
I,78888
I,789101
I,789780
I,789789
I,789790
I,789791
I,789792
I,789793
I,789794
I,789795
I,789796
I,789797
I,789798
I,789799
I,789800
I,79879
I,798791
I,798798
I,7987981
I,8
I,80000
I,8032011
I,8092010
I,811
I,815000
I,8162004
I,832005
I,832011
I,842004
I,857412
I,874512
I,8754
I,88-003
I,88-004
I,88-005
I,88-006
I,88-007
I,88-008
I,88-009
I,88-010
I,88-011
I,88-012
I,88-013
I,88-014
I,88-015
I,88-016
I,88-500
I,881234
I,8813
I,88878787879
I,8888
I,88888
I,8899
I,89
I,890
I,891011
I,891012
I,8920101
I,8920102
I,898989
I,9
I,90
I,900
I,9000000
I,9000001
I,9000002
I,9000003
I,9000004
I,9000005
I,9000006
I,9000007
I,9000008
I,9000009
I,9000010
I,9000011
I,9000012
I,9000013
I,9000014
I,9000015
I,9000016
I,9000017
I,9000018
I,9000019
I,9000020
I,9000021
I,9000022
I,9000023
I,9000024
I,9000025
I,9000026
I,9000027
I,901
I,9022010
I,905
I,9090
I,91
I,91001
I,91701
I,91702
I,92
I,9202010
I,92020102
I,9212010
I,9282010
I,929292
I,93
I,94
I,9494
I,951
I,9512
I,95123
I,9516
I,9546
I,95461
I,9587989
I,95879894
I,958798941
I,959595
I,9596841
I,9609
I,9635
I,963963
I,965874
I,980914
I,980999
I,98521
I,98523
I,9852354
I,98632
I,9865
I,987123
I,9875
I,987546
I,9875461
I,98754612
I,98756
I,9876
I,987654
I,98777
I,9878787
I,9879
I,987987
I,987987987
I,9879879871
I,98798798712
I,987987987122
I,987987987133
I,987987987134
I,9879879877
I,98798798771
I,987987987712
I,987987987713
I,987987987714
I,987987987715
I,987987987716
I,987987987756
I,987987987757
I,987987987758
I,9898899
I,98989
I,989898
I,989999
I,99
I,9911
I,9913
I,9914
I,9915
I,9916
I,9917
I,991991991
I,9920
I,9921
I,9922
I,9923
I,9924
I,9925
I,9928
I,9929
I,993
I,9930
I,9931
I,9932
I,9933
I,9934
I,9935
I,9936
I,9937
I,9938
I,9939
I,994
I,9940
I,9941
I,9942
I,9943
I,9944
I,9945
I,9946
I,9947
I,9948
I,9949
I,995
I,9950
I,9951
I,9952
I,9953
I,9954
I,9955
I,9956
I,9957
I,9958
I,9959
I,996
I,9960
I,9961
I,9962
I,9963
I,9964
I,9965
I,9966
I,9970
I,9971
I,9972
I,9973
I,9974
I,9975
I,9976
I,9977
I,997755
I,9978
I,9979
I,998
I,9980
I,9981
I,9982
I,9983
I,9984
I,9985
I,9986
I,998877
I,999
I,9991
I,99911
I,9992
I,99922
I,9993
I,9995
I,9998
I,9999
I,999998888
I,999999
I,9999999
I,CS-599
