15774.0026,2,CCD
19.0001,1,CCD
19.0001,2,CCD
19.0001,3,CCD
19.0001,4,CCD
19.0001,5,CCD
19.0001,6,CCD
19.0001,7,CCD
19.0001,8,CCD
19.0001,9,CCD
19.0001,10,CCD
19.0001,11,CCD
19.0001,12,CCD
19.0001,13,CCD
19.0001,14,CCD
19.0001,15,CCD
19.0001,16,CCD
19.0001,17,CCD
19.0001,18,CCD
19.0001,19,CCD
9456.0001,1,CCD
9456.0001,2,CCD
9456.0001,3,CCD
9456.0001,4,CCD
9456.0001,5,CCD
9456.0001,6,CCD
9456.0001,7,CCD
9456.0001,8,CCD
9456.0001,9,CCD
9456.0001,10,CCD
9456.0001,11,CCD
9456.0001,12,CCD
9456.0001,13,CCD
9456.0001,14,CCD
9456.0001,15,CCD
9456.0001,16,CCD
9456.0001,17,CCD
9456.0001,18,CCD
9456.0001,19,CCD
9456.0001,20,CCD
9456.0001,21,CCD
9456.0001,22,CCD
9456.0001,23,CCD
9456.0001,24,CCD
9456.0001,25,CCD
9456.0001,26,CCD
9456.0001,27,CCD
9456.0001,28,CCD
9456.0001,29,CCD
9456.0001,30,CCD
9456.0001,31,CCD
9456.0001,32,CCD
9456.0001,33,CCD
11198.0026,1,CCD
11198.0026,2,CCD
11198.0026,3,CCD
11198.0026,4,CCD
11198.0026,5,CCD
11198.0026,6,CCD
11198.0026,7,CCD
11198.0026,8,CCD
11198.0026,9,CCD
11198.0026,10,CCD
11198.0026,11,CCD
11198.0026,12,CCD
11198.0026,13,CCD
11198.0026,14,CCD
11198.0026,15,CCD
11198.0026,16,CCD
11198.0026,17,CCD
11198.0026,18,CCD
11198.0026,19,CCD
11198.0026,21,CCD
11198.0026,22,CCD
11198.0026,23,CCD
11198.0026,24,CCD
11198.0026,26,CCD
11198.0026,27,CCD
11198.0026,28,CCD
11198.0026,29,CCD
11198.0026,30,CCD
11198.0026,31,CCD
11198.0026,32,CCD
11198.0026,33,CCD
11198.0026,34,CCD
11198.0026,35,CCD
11198.0026,36,CCD
11198.0026,37,CCD
11198.0026,38,CCD
11198.0026,39,CCD
11198.0026,40,CCD
11198.0026,41,CCD
11198.0026,42,CCD
11198.0026,43,CCD
11198.0026,44,CCD
11198.0026,45,CCD
11198.0026,46,CCD
11198.0026,47,CCD
11198.0026,48,CCD
11198.0026,49,CCD
11198.0026,50,CCD
11198.0026,51,CCD
11198.0026,52,CCD
11198.0026,53,CCD
11198.0026,54,CCD
11198.0026,55,CCD
11198.0026,56,CCD
11198.0026,57,CCD
11198.0026,58,CCD
11198.0026,59,CCD
11198.0026,60,CCD
11198.0026,61,CCD
11198.0026,62,CCD
11198.0026,63,CCD
11198.0026,64,CCD
11198.0026,65,CCD
11198.0026,66,CCD
11198.0026,67,CCD
11198.0026,68,CCD
11198.0026,69,CCD
11198.0026,70,CCD
11198.0026,71,CCD
11198.0026,72,CCD
11198.0026,73,CCD
11198.0026,74,CCD
11198.0026,75,CCD
11198.0026,76,CCD
11198.0026,77,CCD
11198.0026,78,CCD
11198.0026,79,CCD
11198.0026,80,CCD
11198.0026,81,CCD
11198.0026,82,CCD
11198.0026,83,CCD
11198.0026,84,CCD
11198.0026,85,CCD
11198.0026,86,CCD
11198.0026,87,CCD
11198.0026,88,CCD
11198.0026,89,CCD
11198.0026,90,CCD
11198.0026,91,CCD
11198.0026,92,CCD
11198.0026,93,CCD
11198.0026,94,CCD
11198.0026,95,CCD
11198.0026,96,CCD
11198.0026,97,CCD
11198.0026,98,CCD
11198.0026,99,CCD
11198.0026,100,CCD
11198.0026,101,CCD
11198.0026,102,CCD
11198.0026,103,CCD
11198.0026,104,CCD
11198.0026,105,CCD
11198.0026,106,CCD
11198.0026,107,CCD
11198.0026,108,CCD
11198.0026,109,CCD
11198.0026,110,CCD
11198.0026,111,CCD
11198.0026,112,CCD
11198.0026,113,CCD
11198.0026,115,CCD
11198.0026,116,CCD
11198.0026,117,CCD
11198.0026,118,CCD
11198.0026,119,CCD
11198.0026,120,CCD
11198.0026,121,CCD
11198.0026,122,CCD
11198.0026,123,CCD
11198.0026,124,CCD
11198.0026,125,CCD
11198.0026,126,CCD
11198.0026,127,CCD
11198.0026,128,CCD
11198.0026,129,CCD
11198.0026,130,CCD
11198.0026,131,CCD
11198.0026,132,CCD
11198.0026,133,CCD
11198.0026,134,CCD
11198.0026,135,CCD
11198.0026,136,CCD
11198.0026,137,CCD
11198.0026,138,CCD
11198.0026,139,CCD
11198.0026,140,CCD
11198.0026,141,CCD
11198.0026,142,CCD
11198.0026,143,CCD
11198.0026,144,CCD
11198.0026,145,CCD
11198.0026,146,CCD
11198.0026,147,CCD
11198.0026,148,CCD
11198.0026,149,CCD
11198.0026,150,CCD
11198.0026,151,CCD
11198.0026,152,CCD
11198.0026,153,CCD
11198.0026,154,CCD
11198.0026,155,CCD
11198.0026,156,CCD
11198.0026,157,CCD
11198.0026,158,CCD
11198.0026,159,CCD
11198.0026,160,CCD
11198.0026,161,CCD
11198.0026,162,CCD
11198.0026,163,CCD
11198.0026,164,CCD
11198.0026,165,CCD
11198.0026,166,CCD
11198.0026,167,CCD
11198.0026,168,CCD
11198.0026,169,CCD
11198.0026,170,CCD
11198.0026,171,CCD
11198.0026,173,CCD
11198.0026,174,CCD
11198.0026,175,CCD
11198.0026,176,CCD
11198.0026,177,CCD
11198.0026,178,CCD
11198.0026,179,CCD
11198.0026,180,CCD
11198.0026,181,CCD
11198.0026,182,CCD
11198.0026,183,CCD
11198.0026,184,CCD
11198.0026,185,CCD
11198.0026,186,CCD
11198.0026,187,CCD
11198.0026,188,CCD
11198.0026,189,CCD
11198.0026,190,CCD
11198.0026,191,CCD
11198.0026,192,CCD
11198.0026,193,CCD
11198.0026,194,CCD
11198.0026,195,CCD
11198.0026,196,CCD
11198.0026,197,CCD
11198.0026,198,CCD
11198.0026,199,CCD
11198.0026,200,CCD
11198.0026,201,CCD
11198.0026,202,CCD
11198.0026,203,CCD
11198.0026,204,CCD
11198.0026,205,CCD
11198.0026,206,CCD
11198.0026,207,CCD
11198.0026,208,CCD
11198.0026,209,CCD
11198.0026,210,CCD
11198.0026,211,CCD
11198.0026,212,CCD
11198.0026,213,CCD
11198.0026,214,CCD
11198.0026,215,CCD
11198.0026,216,CCD
11198.0026,217,CCD
11198.0026,218,CCD
11198.0026,219,CCD
11198.0026,220,CCD
11198.0026,221,CCD
11198.0026,222,CCD
11198.0026,223,CCD
11198.0026,224,CCD
11198.0026,225,CCD
11198.0026,226,CCD
11198.0026,227,CCD
11198.0026,228,CCD
11198.0026,229,CCD
11198.0026,230,CCD
11198.0026,231,CCD
11198.0026,232,CCD
11198.0026,233,CCD
11198.0026,234,CCD
11198.0026,235,CCD
11198.0026,236,CCD
11198.0026,237,CCD
11198.0026,238,CCD
11198.0026,239,CCD
11198.0026,240,CCD
11198.0026,241,CCD
11198.0026,242,CCD
11198.0026,243,CCD
11198.0026,244,CCD
11198.0026,245,CCD
11198.0026,246,CCD
11198.0026,247,CCD
11198.0026,248,CCD
11198.0026,249,CCD
11198.0026,250,CCD
11198.0026,251,CCD
11198.0026,252,CCD
11198.0026,253,CCD
11198.0026,254,CCD
11198.0026,255,CCD
11198.0026,256,CCD
11198.0026,257,CCD
11198.0026,258,CCD
11198.0026,259,CCD
11198.0026,260,CCD
11198.0026,261,CCD
11198.0026,262,CCD
11198.0026,263,CCD
11198.0026,264,CCD
11198.0026,265,CCD
11198.0026,266,CCD
11198.0026,267,CCD
11198.0026,268,CCD
11198.0026,269,CCD
11198.0026,270,CCD
11198.0026,271,CCD
11198.0026,272,CCD
11198.0026,273,CCD
11198.0026,274,CCD
11198.0026,275,CCD
11198.0026,276,CCD
11198.0026,277,CCD
11198.0026,278,CCD
11198.0026,279,CCD
11198.0026,280,CCD
11198.0026,281,CCD
11198.0026,282,CCD
11198.0026,283,CCD
11198.0026,284,CCD
11198.0026,285,CCD
11198.0026,286,CCD
11198.0026,287,CCD
11198.0026,288,CCD
11198.0026,289,CCD
11198.0026,290,CCD
11198.0026,291,CCD
11198.0026,292,CCD
11198.0026,293,CCD
11198.0026,294,CCD
11198.0026,295,CCD
11198.0026,296,CCD
11198.0026,297,CCD
11198.0026,298,CCD
11198.0026,299,CCD
11198.0026,300,CCD
11198.0026,301,CCD
11198.0026,302,CCD
11198.0026,303,CCD
11198.0026,304,CCD
11198.0026,305,CCD
11198.0026,306,CCD
11198.0026,307,CCD
11198.0026,308,CCD
11198.0026,309,CCD
11198.0026,310,CCD
11198.0026,311,CCD
11198.0026,312,CCD
11198.0026,313,CCD
11198.0026,314,CCD
11198.0026,315,CCD
11198.0026,316,CCD
11198.0026,317,CCD
11198.0026,318,CCD
11198.0026,319,CCD
11198.0026,320,CCD
11198.0026,321,CCD
11198.0026,322,CCD
11198.0026,323,CCD
11198.0026,324,CCD
11198.0026,325,CCD
11198.0026,326,CCD
11198.0026,327,CCD
11198.0026,328,CCD
11198.0026,329,CCD
11198.0026,330,CCD
11198.0026,331,CCD
11198.0026,332,CCD
11198.0026,333,CCD
11198.0026,334,CCD
11198.0026,335,CCD
11198.0026,336,CCD
11198.0026,337,CCD
11198.0026,338,CCD
11198.0026,339,CCD
11198.0026,340,CCD
11198.0026,341,CCD
11198.0026,342,CCD
11198.0026,343,CCD
11198.0026,344,CCD
11198.0026,345,CCD
11198.0026,346,CCD
11198.0026,347,CCD
11198.0026,348,CCD
11198.0026,349,CCD
11198.0026,350,CCD
11198.0026,351,CCD
11198.0026,352,CCD
11198.0026,353,CCD
11198.0026,354,CCD
11198.0026,355,CCD
11198.0026,356,CCD
11198.0026,357,CCD
11198.0026,358,CCD
11198.0026,359,CCD
11198.0026,360,CCD
11198.0026,361,CCD
11198.0026,362,CCD
11198.0026,363,CCD
11198.0026,364,CCD
11198.0026,365,CCD
11198.0026,366,CCD
11198.0026,367,CCD
11198.0026,368,CCD
11198.0026,369,CCD
11198.0026,370,CCD
11198.0026,371,CCD
11198.0026,372,CCD
11198.0026,373,CCD
11198.0026,374,CCD
11198.0026,375,CCD
11198.0026,376,CCD
11198.0026,377,CCD
11198.0026,378,CCD
11198.0026,379,CCD
11198.0026,380,CCD
11198.0026,381,CCD
11198.0026,382,CCD
11198.0026,383,CCD
11198.0026,384,CCD
11198.0026,385,CCD
11198.0026,386,CCD
11198.0026,387,CCD
11198.0026,388,CCD
11198.0026,389,CCD
11198.0026,390,CCD
11198.0026,391,CCD
11198.0026,392,CCD
11198.0026,393,CCD
11198.0026,394,CCD
11198.0026,395,CCD
11198.0026,396,CCD
11198.0026,397,CCD
11198.0026,398,CCD
11198.0026,399,CCD
11198.0026,400,CCD
11198.0026,401,CCD
11198.0026,402,CCD
11198.0026,403,CCD
11198.0026,404,CCD
11198.0026,405,CCD
11198.0026,406,CCD
11198.0026,407,CCD
11198.0026,408,CCD
11198.0026,409,CCD
11198.0026,410,CCD
11198.0026,411,CCD
11198.0026,412,CCD
11198.0026,413,CCD
11198.0026,414,CCD
11198.0026,415,CCD
11198.0026,416,CCD
11198.0026,417,CCD
11198.0026,418,CCD
11198.0026,419,CCD
11198.0026,420,CCD
11198.0026,421,CCD
11198.0026,422,CCD
11198.0026,423,CCD
11198.0026,424,CCD
11198.0026,425,CCD
11198.0026,426,CCD
11198.0026,428,CCD
11198.0026,429,CCD
11198.0026,430,CCD
11198.0026,431,CCD
11198.0026,432,CCD
11198.0026,433,CCD
11198.0026,434,CCD
11198.0026,435,CCD
11198.0026,436,CCD
11198.0026,437,CCD
11198.0026,438,CCD
11198.0026,439,CCD
11198.0026,440,CCD
11198.0026,441,CCD
11198.0026,442,CCD
11198.0026,443,CCD
11198.0026,444,CCD
11198.0026,445,CCD
11198.0026,446,CCD
11198.0026,448,CCD
11198.0026,449,CCD
11198.0026,450,CCD
11198.0026,451,CCD
11198.0026,452,CCD
11198.0026,453,CCD
11198.0026,454,CCD
11198.0026,455,CCD
11198.0026,456,CCD
11198.0026,457,CCD
11198.0026,458,CCD
11198.0026,459,CCD
11198.0026,460,CCD
11198.0026,461,CCD
11198.0026,462,CCD
11198.0026,463,CCD
11198.0026,464,CCD
11198.0026,465,CCD
11198.0026,466,CCD
11198.0026,467,CCD
11198.0026,468,CCD
11198.0026,469,CCD
11198.0026,470,CCD
11198.0026,471,CCD
11198.0026,472,CCD
11198.0026,473,CCD
11198.0026,474,CCD
11198.0026,475,CCD
11198.0026,476,CCD
11198.0026,477,CCD
11198.0026,478,CCD
11198.0026,479,CCD
11198.0026,480,CCD
11198.0026,481,CCD
11198.0026,482,CCD
11198.0026,483,CCD
11198.0026,484,CCD
11198.0026,485,CCD
11198.0026,486,CCD
11198.0026,487,CCD
11198.0026,488,CCD
11198.0026,489,CCD
11198.0026,490,CCD
11198.0026,491,CCD
11198.0026,492,CCD
11198.0026,493,CCD
11198.0026,494,CCD
11198.0026,495,CCD
11198.0026,496,CCD
11198.0026,497,CCD
11198.0026,498,CCD
11198.0026,499,CCD
11198.0026,500,CCD
11198.0026,501,CCD
11198.0026,502,CCD
11198.0026,503,CCD
11198.0026,504,CCD
11198.0026,505,CCD
11198.0026,506,CCD
11198.0026,507,CCD
11198.0026,508,CCD
11198.0026,509,CCD
11198.0026,510,CCD
11198.0026,511,CCD
11198.0026,512,CCD
11198.0026,513,CCD
11198.0026,514,CCD
11198.0026,515,CCD
11198.0026,516,CCD
11198.0026,517,CCD
11198.0026,518,CCD
11198.0026,519,CCD
11198.0026,520,CCD
11198.0026,521,CCD
11198.0026,522,CCD
11198.0026,523,CCD
11198.0026,524,CCD
11198.0026,525,CCD
11198.0026,526,CCD
11198.0026,527,CCD
11198.0026,528,CCD
11198.0026,529,CCD
11198.0026,530,CCD
11198.0026,531,CCD
11198.0026,532,CCD
11198.0026,533,CCD
11198.0026,534,CCD
11198.0026,535,CCD
11198.0026,536,CCD
11198.0026,537,CCD
11198.0026,538,CCD
11198.0026,539,CCD
11198.0026,540,CCD
11198.0026,541,CCD
11198.0026,542,CCD
11198.0026,543,CCD
11198.0026,544,CCD
11198.0026,545,CCD
11198.0026,546,CCD
11198.0026,547,CCD
11198.0026,549,CCD
11198.0026,550,CCD
11198.0026,551,CCD
11198.0026,552,CCD
11198.0026,553,CCD
11198.0026,554,CCD
11198.0026,555,CCD
11198.0026,556,CCD
11198.0026,557,CCD
11198.0026,558,CCD
11198.0026,559,CCD
11198.0026,560,CCD
11198.0026,561,CCD
11198.0026,562,CCD
11198.0026,563,CCD
11198.0026,565,CCD
11198.0026,566,CCD
11198.0026,567,CCD
11198.0026,568,CCD
11198.0026,570,CCD
11198.0026,571,CCD
11198.0026,572,CCD
11198.0026,574,CCD
11198.0026,575,CCD
11198.0026,576,CCD
11198.0026,577,CCD
11198.0026,578,CCD
11198.0026,579,CCD
11198.0026,580,CCD
11198.0026,581,CCD
11198.0026,582,CCD
11198.0026,584,CCD
11198.0026,585,CCD
11198.0026,586,CCD
11198.0026,587,CCD
11198.0026,590,CCD
11198.0026,591,CCD
11198.0026,592,CCD
11198.0026,593,CCD
11198.0026,594,CCD
11198.0026,595,CCD
11198.0026,596,CCD
11198.0026,597,CCD
11198.0026,598,CCD
11198.0026,599,CCD
11198.0026,600,CCD
11198.0026,601,CCD
11198.0026,602,CCD
11198.0026,603,CCD
11198.0026,604,CCD
11198.0026,605,CCD
11198.0026,606,CCD
11198.0026,607,CCD
11198.0026,608,CCD
11198.0026,609,CCD
11198.0026,610,CCD
11198.0026,612,CCD
11198.0026,613,CCD
11198.0026,614,CCD
11198.0026,615,CCD
11198.0026,616,CCD
11198.0026,617,CCD
11198.0026,618,CCD
11198.0026,619,CCD
11198.0026,620,CCD
11198.0026,621,CCD
11198.0026,622,CCD
11198.0026,623,CCD
11198.0026,624,CCD
11198.0026,625,CCD
11198.0026,626,CCD
11198.0026,627,CCD
11198.0026,628,CCD
11198.0026,629,CCD
11198.0026,630,CCD
11198.0026,631,CCD
11198.0026,632,CCD
11198.0026,633,CCD
11198.0026,634,CCD
11198.0026,635,CCD
11198.0026,636,CCD
11198.0026,637,CCD
11198.0026,638,CCD
11198.0026,639,CCD
11198.0026,640,CCD
11198.0026,641,CCD
11198.0026,642,CCD
11198.0026,643,CCD
11198.0026,644,CCD
11198.0026,645,CCD
11198.0026,646,CCD
11198.0026,647,CCD
11198.0026,648,CCD
11198.0026,649,CCD
11198.0026,650,CCD
11198.0026,651,CCD
11198.0026,652,CCD
11198.0026,653,CCD
11198.0026,654,CCD
11198.0026,655,CCD
11198.0026,656,CCD
11198.0026,657,CCD
11198.0026,658,CCD
11198.0026,659,CCD
11198.0026,660,CCD
11198.0026,661,CCD
11198.0026,662,CCD
11198.0026,663,CCD
11198.0026,664,CCD
11198.0026,665,CCD
11198.0026,666,CCD
11198.0026,667,CCD
11198.0026,668,CCD
11198.0026,669,CCD
11198.0026,670,CCD
11198.0026,671,CCD
11198.0026,672,CCD
11198.0026,673,CCD
11198.0026,674,CCD
11198.0026,675,CCD
11198.0026,676,CCD
11198.0026,677,CCD
11198.0026,678,CCD
11198.0026,679,CCD
11198.0026,680,CCD
11198.0026,681,CCD
11198.0026,683,CCD
11198.0026,684,CCD
11198.0026,685,CCD
11198.0026,686,CCD
11198.0026,687,CCD
11198.0026,688,CCD
11198.0026,689,CCD
11198.0026,690,CCD
11198.0026,693,CCD
11198.0026,694,CCD
11198.0026,695,CCD
11198.0026,696,CCD
11198.0026,697,CCD
11198.0026,698,CCD
11198.0026,699,CCD
11198.0026,700,CCD
11198.0026,701,CCD
11198.0026,702,CCD
11198.0026,703,CCD
11198.0026,704,CCD
11198.0026,705,CCD
11198.0026,706,CCD
11198.0026,707,CCD
11198.0026,708,CCD
11198.0026,709,CCD
11198.0026,710,CCD
11198.0026,711,CCD
11198.0026,712,CCD
11198.0026,713,CCD
11198.0026,714,CCD
11198.0026,715,CCD
11198.0026,717,CCD
11198.0026,718,CCD
11198.0026,719,CCD
11198.0026,720,CCD
11198.0026,721,CCD
11198.0026,722,CCD
11198.0026,723,CCD
11198.0026,724,CCD
11198.0026,725,CCD
11198.0026,726,CCD
11198.0026,727,CCD
11198.0026,728,CCD
11198.0026,729,CCD
11198.0026,730,CCD
11198.0026,731,CCD
11198.0026,732,CCD
11198.0026,733,CCD
11198.0026,734,CCD
11198.0026,735,CCD
11198.0026,736,CCD
11198.0026,737,CCD
11198.0026,738,CCD
11198.0026,739,CCD
11198.0026,740,CCD
11198.0026,741,CCD
11198.0026,742,CCD
11198.0026,743,CCD
11198.0026,744,CCD
11198.0026,745,CCD
11198.0026,746,CCD
11198.0026,748,CCD
11198.0026,749,CCD
11198.0026,750,CCD
11198.0026,751,CCD
11198.0026,752,CCD
11198.0026,753,CCD
11198.0026,754,CCD
11198.0026,755,CCD
11198.0026,756,CCD
11198.0026,757,CCD
11198.0026,758,CCD
11198.0026,759,CCD
11198.0026,760,CCD
11198.0026,761,CCD
11198.0026,762,CCD
11198.0026,763,CCD
11198.0026,764,CCD
11198.0026,765,CCD
11198.0026,766,CCD
11198.0026,767,CCD
11198.0026,768,CCD
11198.0026,769,CCD
11198.0026,770,CCD
11198.0026,771,CCD
11198.0026,772,CCD
11198.0026,773,CCD
11198.0026,774,CCD
11198.0026,775,CCD
11198.0026,776,CCD
11198.0026,777,CCD
11198.0026,778,CCD
11198.0026,779,CCD
11198.0026,780,CCD
11198.0026,781,CCD
11198.0026,782,CCD
11198.0026,783,CCD
11198.0026,784,CCD
11198.0026,785,CCD
11198.0026,786,CCD
11198.0026,787,CCD
11198.0026,788,CCD
11198.0026,789,CCD
11198.0026,790,CCD
11198.0026,791,CCD
11198.0026,792,CCD
11198.0026,793,CCD
11198.0026,794,CCD
11198.0026,795,CCD
11198.0026,796,CCD
11198.0026,797,CCD
11198.0026,798,CCD
11198.0026,799,CCD
11198.0026,800,CCD
11198.0026,801,CCD
11198.0026,802,CCD
11198.0026,803,CCD
11198.0026,804,CCD
11198.0026,805,CCD
11198.0026,806,CCD
11198.0026,807,CCD
11198.0026,808,CCD
11198.0026,809,CCD
11198.0026,810,CCD
11198.0026,811,CCD
11198.0026,812,CCD
11198.0026,813,CCD
11198.0026,814,CCD
11198.0026,815,CCD
11198.0026,816,CCD
11198.0026,817,CCD
11198.0026,818,CCD
11198.0026,819,CCD
11198.0026,820,CCD
11198.0026,821,CCD
11198.0026,822,CCD
11198.0026,823,CCD
11198.0026,824,CCD
11198.0026,825,CCD
11198.0026,826,CCD
11198.0026,827,CCD
11198.0026,828,CCD
11198.0026,829,CCD
11198.0026,830,CCD
11198.0026,831,CCD
11198.0026,832,CCD
11198.0026,833,CCD
11198.0026,834,CCD
11198.0026,835,CCD
11198.0026,836,CCD
11198.0026,837,CCD
11198.0026,838,CCD
11198.0026,839,CCD
11198.0026,840,CCD
11198.0026,841,CCD
11198.0026,842,CCD
11198.0026,843,CCD
11198.0026,844,CCD
11198.0026,845,CCD
11198.0026,846,CCD
11198.0026,847,CCD
11198.0026,848,CCD
11198.0026,849,CCD
11198.0026,850,CCD
11198.0026,851,CCD
11198.0026,852,CCD
11198.0026,853,CCD
11198.0026,854,CCD
11198.0026,855,CCD
11198.0026,856,CCD
11198.0026,857,CCD
11198.0026,858,CCD
11198.0026,859,CCD
11198.0026,860,CCD
11198.0026,861,CCD
11198.0026,862,CCD
11198.0026,863,CCD
11198.0026,864,CCD
11198.0026,865,CCD
11198.0026,866,CCD
11198.0026,867,CCD
11198.0026,868,CCD
11198.0026,869,CCD
11198.0026,870,CCD
11198.0026,871,CCD
11198.0026,872,CCD
11198.0026,873,CCD
11198.0026,874,CCD
11198.0026,875,CCD
11198.0026,876,CCD
11198.0026,877,CCD
11198.0026,878,CCD
11198.0026,879,CCD
11198.0026,880,CCD
11198.0026,881,CCD
11198.0026,882,CCD
11198.0026,883,CCD
11198.0026,884,CCD
11198.0026,885,CCD
11198.0026,886,CCD
11198.0026,887,CCD
11198.0026,888,CCD
11198.0026,889,CCD
11198.0026,890,CCD
11198.0026,891,CCD
11198.0026,892,CCD
11198.0026,893,CCD
11198.0026,894,CCD
11198.0026,895,CCD
11198.0026,896,CCD
11198.0026,897,CCD
11198.0026,898,CCD
11198.0026,900,CCD
11198.0026,906,CCD
11198.0026,907,CCD
11198.0026,908,CCD
11198.0026,909,CCD
11198.0026,910,CCD
11198.0026,911,CCD
11198.0026,912,CCD
11198.0026,913,CCD
11198.0026,914,CCD
11198.0026,915,CCD
11198.0026,916,CCD
11198.0026,919,CCD
11198.0026,920,CCD
11198.0026,921,CCD
11198.0026,922,CCD
11198.0026,923,CCD
11198.0026,924,CCD
11198.0026,925,CCD
11198.0026,926,CCD
11198.0026,927,CCD
11198.0026,928,CCD
11198.0026,929,CCD
11198.0026,930,CCD
11198.0026,931,CCD
11198.0026,932,CCD
11198.0026,933,CCD
11198.0026,934,CCD
11198.0026,935,CCD
11198.0026,936,CCD
11198.0026,937,CCD
11198.0026,938,CCD
11198.0026,939,CCD
11198.0026,940,CCD
11198.0026,941,CCD
11198.0026,942,CCD
11198.0026,943,CCD
11198.0026,944,CCD
11198.0026,945,CCD
11198.0026,946,CCD
11198.0026,947,CCD
11198.0026,948,CCD
11198.0026,949,CCD
11198.0026,950,CCD
11198.0026,951,CCD
11198.0026,952,CCD
11198.0026,954,CCD
11198.0026,955,CCD
11198.0026,956,CCD
11198.0026,957,CCD
11198.0026,958,CCD
11198.0026,959,CCD
11198.0026,960,CCD
11198.0026,961,CCD
11198.0026,962,CCD
11198.0026,963,CCD
11198.0026,964,CCD
11198.0026,965,CCD
11198.0026,966,CCD
11198.0026,967,CCD
11198.0026,968,CCD
11198.0026,969,CCD
11198.0026,970,CCD
11198.0026,971,CCD
11198.0026,972,CCD
11198.0026,973,CCD
11198.0026,974,CCD
11198.0026,975,CCD
11198.0026,976,CCD
11198.0026,977,CCD
11198.0026,978,CCD
11198.0026,979,CCD
11198.0026,980,CCD
11198.0026,981,CCD
11198.0026,982,CCD
11203.0026,72,CCD
11203.0026,73,CCD
11203.0026,74,CCD
11203.0026,75,CCD
11203.0026,76,CCD
11203.0026,77,CCD
11203.0026,78,CCD
11203.0026,79,CCD
11203.0026,80,CCD
11203.0026,81,CCD
11203.0026,82,CCD
11203.0026,83,CCD
11203.0026,84,CCD
11203.0026,85,CCD
11203.0026,86,CCD
11203.0026,87,CCD
11203.0026,88,CCD
11203.0026,89,CCD
11203.0026,90,CCD
11203.0026,91,CCD
11203.0026,92,CCD
11204.0026,1,CCD
11204.0026,2,CCD
11204.0026,3,CCD
11204.0026,4,CCD
11204.0026,5,CCD
11204.0026,6,CCD
11205.0026,1,CCD
11205.0026,2,CCD
11205.0026,3,CCD
11205.0026,4,CCD
11205.0026,5,CCD
11205.0026,6,CCD
11206.0026,1,CCD
11206.0026,2,CCD
11206.0026,3,CCD
11209.0026,1,CCD
11209.0026,2,CCD
11209.0026,3,CCD
11209.0026,4,CCD
11209.0026,5,CCD
11209.0026,6,CCD
11256.0026,1,CCD
11256.0026,2,CCD
11256.0026,3,CCD
11256.0026,4,CCD
11256.0026,5,CCD
11276.0026,1,CCD
11276.0026,2,CCD
11276.0026,3,CCD
11276.0026,4,CCD
11276.0026,5,CCD
11276.0026,6,CCD
11276.0026,7,CCD
11276.0026,8,CCD
11276.0026,9,CCD
11276.0026,10,CCD
11276.0026,11,CCD
11276.0026,12,CCD
11276.0026,13,CCD
11276.0026,14,CCD
11276.0026,15,CCD
11276.0026,16,CCD
11276.0026,17,CCD
11276.0026,18,CCD
11276.0026,19,CCD
11276.0026,20,CCD
11276.0026,21,CCD
11276.0026,22,CCD
11276.0026,23,CCD
11276.0026,24,CCD
11276.0026,25,CCD
11276.0026,26,CCD
11276.0026,27,CCD
11276.0026,28,CCD
11276.0026,29,CCD
11276.0026,30,CCD
11276.0026,31,CCD
11276.0026,32,CCD
11276.0026,33,CCD
11276.0026,34,CCD
11276.0026,35,CCD
11276.0026,36,CCD
11276.0026,37,CCD
11276.0026,38,CCD
11276.0026,39,CCD
11276.0026,40,CCD
11276.0026,41,CCD
11276.0026,42,CCD
11276.0026,43,CCD
11276.0026,44,CCD
11276.0026,45,CCD
11276.0026,46,CCD
11276.0026,47,CCD
11276.0026,48,CCD
11276.0026,49,CCD
11276.0026,50,CCD
11276.0026,51,CCD
11276.0026,52,CCD
11276.0026,53,CCD
11276.0026,54,CCD
11276.0026,55,CCD
11276.0026,56,CCD
11276.0026,57,CCD
11276.0026,58,CCD
11277.0026,1,CCD
11277.0026,2,CCD
11277.0026,3,CCD
11277.0026,4,CCD
11277.0026,5,CCD
11277.0026,6,CCD
11277.0026,7,CCD
11277.0026,8,CCD
11277.0026,9,CCD
11277.0026,10,CCD
11277.0026,11,CCD
11277.0026,12,CCD
11277.0026,13,CCD
11277.0026,14,CCD
11277.0026,15,CCD
11277.0026,16,CCD
11277.0026,17,CCD
11277.0026,18,CCD
11277.0026,19,CCD
11277.0026,20,CCD
11277.0026,21,CCD
11277.0026,22,CCD
11277.0026,23,CCD
11277.0026,24,CCD
11277.0026,25,CCD
11277.0026,26,CCD
11277.0026,27,CCD
11277.0026,28,CCD
11277.0026,29,CCD
11277.0026,30,CCD
11277.0026,31,CCD
11277.0026,32,CCD
11277.0026,33,CCD
11277.0026,34,CCD
11277.0026,35,CCD
11277.0026,36,CCD
11277.0026,37,CCD
11277.0026,38,CCD
11277.0026,39,CCD
11277.0026,40,CCD
11277.0026,41,CCD
11277.0026,42,CCD
11277.0026,43,CCD
11277.0026,44,CCD
11277.0026,45,CCD
11277.0026,46,CCD
11277.0026,47,CCD
11277.0026,48,CCD
11277.0026,49,CCD
11277.0026,50,CCD
11277.0026,51,CCD
11277.0026,52,CCD
11277.0026,53,CCD
11277.0026,54,CCD
11277.0026,55,CCD
11277.0026,56,CCD
11277.0026,57,CCD
11277.0026,58,CCD
11277.0026,59,CCD
11277.0026,60,CCD
11277.0026,61,CCD
11277.0026,62,CCD
11277.0026,63,CCD
11277.0026,64,CCD
11277.0026,65,CCD
11277.0026,66,CCD
11277.0026,67,CCD
11277.0026,68,CCD
11277.0026,69,CCD
11277.0026,70,CCD
11277.0026,71,CCD
11277.0026,72,CCD
11277.0026,73,CCD
11277.0026,74,CCD
11277.0026,75,CCD
11277.0026,76,CCD
11277.0026,77,CCD
11277.0026,78,CCD
11277.0026,79,CCD
11277.0026,80,CCD
11277.0026,81,CCD
11277.0026,82,CCD
11277.0026,83,CCD
11277.0026,84,CCD
11277.0026,85,CCD
11277.0026,86,CCD
11277.0026,87,CCD
11277.0026,88,CCD
11277.0026,89,CCD
11277.0026,90,CCD
11277.0026,91,CCD
11277.0026,92,CCD
11277.0026,93,CCD
11277.0026,94,CCD
11277.0026,95,CCD
11277.0026,96,CCD
11277.0026,97,CCD
11277.0026,98,CCD
11277.0026,99,CCD
11277.0026,100,CCD
11277.0026,101,CCD
11277.0026,102,CCD
11277.0026,103,CCD
11277.0026,104,CCD
11277.0026,105,CCD
11277.0026,106,CCD
11277.0026,107,CCD
11277.0026,108,CCD
11277.0026,109,CCD
11277.0026,110,CCD
11277.0026,111,CCD
11277.0026,112,CCD
11277.0026,113,CCD
11277.0026,114,CCD
11277.0026,115,CCD
11277.0026,116,CCD
11277.0026,117,CCD
11277.0026,118,CCD
11277.0026,119,CCD
11277.0026,120,CCD
11277.0026,121,CCD
11277.0026,122,CCD
11277.0026,123,CCD
11277.0026,124,CCD
11277.0026,125,CCD
11277.0026,126,CCD
11277.0026,127,CCD
11277.0026,128,CCD
11277.0026,129,CCD
11277.0026,130,CCD
11277.0026,131,CCD
11277.0026,132,CCD
11277.0026,133,CCD
11277.0026,134,CCD
11277.0026,135,CCD
11277.0026,136,CCD
11277.0026,137,CCD
11277.0026,138,CCD
11277.0026,139,CCD
11277.0026,140,CCD
11277.0026,141,CCD
11277.0026,142,CCD
11277.0026,143,CCD
11277.0026,144,CCD
11277.0026,145,CCD
11277.0026,146,CCD
11277.0026,147,CCD
11277.0026,148,CCD
11277.0026,149,CCD
11277.0026,150,CCD
11277.0026,151,CCD
11277.0026,152,CCD
11277.0026,153,CCD
11277.0026,154,CCD
11277.0026,155,CCD
11277.0026,156,CCD
11277.0026,157,CCD
11277.0026,158,CCD
11277.0026,159,CCD
11277.0026,160,CCD
11277.0026,161,CCD
11277.0026,162,CCD
11277.0026,163,CCD
11277.0026,164,CCD
11277.0026,165,CCD
11277.0026,166,CCD
11277.0026,167,CCD
11277.0026,168,CCD
11277.0026,169,CCD
11277.0026,170,CCD
11277.0026,171,CCD
11277.0026,172,CCD
11277.0026,173,CCD
11277.0026,174,CCD
11277.0026,175,CCD
11277.0026,176,CCD
11288.0026,1,CCD
11288.0026,2,CCD
11288.0026,3,CCD
11288.0026,4,CCD
11288.0026,5,CCD
11288.0026,6,CCD
11288.0026,7,CCD
11288.0026,8,CCD
11288.0026,9,CCD
11288.0026,10,CCD
11288.0026,11,CCD
11288.0026,12,CCD
11288.0026,13,CCD
11288.0026,14,CCD
11288.0026,15,CCD
11288.0026,16,CCD
11288.0026,17,CCD
11288.0026,19,CCD
11288.0026,20,CCD
11288.0026,21,CCD
11288.0026,22,CCD
11288.0026,23,CCD
11288.0026,24,CCD
11288.0026,25,CCD
11288.0026,26,CCD
11288.0026,27,CCD
11288.0026,28,CCD
11288.0026,29,CCD
11288.0026,30,CCD
11288.0026,31,CCD
11288.0026,32,CCD
11351.0026,1,CCD
11352.0026,1,CCD
11352.0026,2,CCD
11352.0026,3,CCD
11352.0026,4,CCD
11353.0026,1,CCD
11353.0026,2,CCD
11353.0026,3,CCD
11401.0026,1,CCD
11401.0026,2,CCD
11401.0026,3,CCD
11401.0026,4,CCD
11401.0026,5,CCD
11401.0026,6,CCD
11401.0026,7,CCD
11401.0026,8,CCD
11401.0026,9,CCD
11401.0026,10,CCD
11429.0026,1,CCD
11429.0026,2,CCD
11429.0026,4,CCD
11429.0026,5,CCD
11429.0026,6,CCD
11429.0026,7,CCD
11429.0026,8,CCD
11429.0026,9,CCD
11429.0026,10,CCD
11429.0026,11,CCD
11429.0026,12,CCD
11429.0026,13,CCD
11429.0026,14,CCD
11429.0026,15,CCD
11429.0026,16,CCD
11429.0026,17,CCD
11429.0026,18,CCD
11429.0026,19,CCD
11429.0026,20,CCD
11429.0026,21,CCD
11429.0026,22,CCD
11429.0026,23,CCD
11429.0026,24,CCD
11429.0026,25,CCD
11429.0026,26,CCD
11429.0026,27,CCD
11429.0026,28,CCD
11429.0026,29,CCD
11429.0026,30,CCD
11429.0026,31,CCD
11429.0026,32,CCD
11429.0026,33,CCD
11429.0026,34,CCD
11429.0026,35,CCD
11429.0026,36,CCD
11429.0026,37,CCD
11429.0026,38,CCD
11429.0026,39,CCD
11429.0026,40,CCD
11429.0026,41,CCD
11429.0026,42,CCD
11429.0026,43,CCD
11429.0026,44,CCD
11429.0026,45,CCD
11429.0026,46,CCD
11429.0026,47,CCD
11429.0026,48,CCD
11429.0026,49,CCD
11429.0026,50,CCD
11429.0026,51,CCD
11429.0026,52,CCD
11429.0026,53,CCD
11429.0026,54,CCD
11429.0026,55,CCD
11429.0026,56,CCD
11429.0026,57,CCD
11429.0026,58,CCD
11429.0026,59,CCD
11429.0026,60,CCD
11429.0026,61,CCD
11429.0026,62,CCD
11429.0026,63,CCD
11429.0026,64,CCD
11429.0026,65,CCD
11429.0026,66,CCD
11429.0026,67,CCD
11429.0026,68,CCD
11429.0026,69,CCD
11429.0026,70,CCD
11429.0026,71,CCD
11429.0026,72,CCD
11511.0026,1,CCD
11511.0026,2,CCD
11511.0026,3,CCD
11511.0026,4,CCD
11511.0026,5,CCD
11511.0026,6,CCD
11511.0026,7,CCD
11511.0026,8,CCD
11511.0026,9,CCD
11511.0026,10,CCD
11511.0026,11,CCD
11511.0026,12,CCD
11511.0026,13,CCD
11511.0026,14,CCD
11511.0026,15,CCD
11511.0026,16,CCD
11511.0026,17,CCD
11511.0026,18,CCD
11511.0026,19,CCD
11511.0026,20,CCD
11511.0026,21,CCD
11511.0026,22,CCD
11511.0026,23,CCD
11511.0026,24,CCD
11511.0026,25,CCD
11511.0026,26,CCD
11511.0026,27,CCD
11511.0026,28,CCD
11511.0026,29,CCD
11511.0026,30,CCD
11511.0026,31,CCD
11511.0026,32,CCD
11511.0026,33,CCD
11511.0026,35,CCD
11511.0026,36,CCD
11511.0026,37,CCD
11511.0026,38,CCD
11511.0026,39,CCD
11511.0026,40,CCD
11511.0026,41,CCD
11511.0026,42,CCD
11511.0026,43,CCD
11511.0026,44,CCD
11511.0026,45,CCD
11511.0026,46,CCD
11511.0026,47,CCD
11511.0026,48,CCD
11511.0026,49,CCD
11511.0026,50,CCD
11511.0026,51,CCD
11511.0026,52,CCD
11511.0026,53,CCD
11511.0026,54,CCD
11532.0026,1,CCD
11532.0026,2,CCD
11532.0026,3,CCD
11532.0026,4,CCD
11532.0026,5,CCD
11532.0026,6,CCD
11532.0026,7,CCD
11532.0026,8,CCD
11532.0026,9,CCD
11532.0026,10,CCD
11532.0026,11,CCD
11533.0026,1,CCD
11533.0026,2,CCD
11533.0026,3,CCD
11616.0026,1,CCD
11616.0026,2,CCD
11616.0026,3,CCD
11616.0026,4,CCD
11616.0026,5,CCD
11616.0026,6,CCD
11616.0026,7,CCD
11662.0026,1,CCD
11662.0026,2,CCD
11662.0026,3,CCD
11662.0026,4,CCD
11662.0026,5,CCD
11662.0026,6,CCD
11662.0026,7,CCD
11662.0026,8,CCD
11662.0026,9,CCD
11662.0026,10,CCD
11662.0026,11,CCD
11662.0026,12,CCD
11662.0026,13,CCD
11662.0026,14,CCD
11662.0026,15,CCD
11662.0026,16,CCD
11662.0026,17,CCD
11662.0026,18,CCD
11662.0026,19,CCD
11662.0026,20,CCD
11662.0026,21,CCD
11662.0026,22,CCD
11662.0026,23,CCD
11662.0026,24,CCD
11662.0026,25,CCD
11662.0026,26,CCD
11662.0026,27,CCD
11662.0026,28,CCD
11938.0026,1,CCD
12668.0026,1,CCD
12668.0026,2,CCD
12668.0026,5,CCD
12668.0026,6,CCD
12668.0026,7,CCD
12668.0026,9,CCD
12668.0026,10,CCD
12668.0026,11,CCD
12668.0026,12,CCD
12668.0026,13,CCD
12668.0026,14,CCD
12668.0026,15,CCD
12668.0026,16,CCD
12668.0026,17,CCD
12668.0026,18,CCD
12668.0026,19,CCD
12668.0026,20,CCD
12668.0026,21,CCD
12668.0026,22,CCD
12669.0026,1,CCD
12669.0026,2,CCD
12669.0026,3,CCD
12669.0026,4,CCD
12669.0026,5,CCD
12669.0026,6,CCD
12669.0026,7,CCD
12669.0026,8,CCD
12669.0026,9,CCD
12669.0026,10,CCD
12669.0026,11,CCD
12669.0026,12,CCD
12669.0026,13,CCD
12669.0026,14,CCD
12669.0026,15,CCD
12669.0026,16,CCD
12669.0026,17,CCD
12669.0026,18,CCD
12669.0026,19,CCD
12669.0026,20,CCD
12669.0026,21,CCD
12669.0026,22,CCD
12669.0026,23,CCD
12669.0026,24,CCD
12670.0026,1,CCD
12670.0026,2,CCD
12671.0026,1,CCD
12671.0026,2,CCD
12672.0026,1,CCD
12673.0026,1,CCD
12673.0026,2,CCD
12674.0026,1,CCD
12674.0026,4,CCD
12675.0026,1,CCD
12675.0026,2,CCD
12676.0026,1,CCD
12677.0026,1,CCD
12677.0026,2,CCD
12677.0026,3,CCD
12679.0026,1,CCD
12679.0026,2,CCD
12679.0026,3,CCD
12680.0026,1,CCD
12680.0026,2,CCD
12682.0026,1,CCD
12682.0026,2,CCD
12686.0026,1,CCD
12687.0026,1,CCD
12688.0026,1,CCD
12688.0026,2,CCD
12688.0026,3,CCD
12688.0026,4,CCD
12688.0026,5,CCD
12688.0026,6,CCD
12688.0026,7,CCD
12688.0026,8,CCD
12830.0026,2,CCD
12830.0026,3,CCD
12830.0026,4,CCD
12831.0026,1,CCD
12831.0026,2,CCD
12831.0026,3,CCD
12831.0026,4,CCD
12831.0026,5,CCD
12832.0026,1,CCD
12833.0026,1,CCD
12833.0026,2,CCD
12833.0026,3,CCD
12833.0026,4,CCD
12833.0026,5,CCD
12836.0026,1,CCD
12836.0026,2,CCD
12837.0026,1,CCD
12837.0026,2,CCD
12837.0026,3,CCD
12837.0026,5,CCD
12837.0026,11,CCD
12837.0026,12,CCD
12837.0026,13,CCD
12837.0026,14,CCD
12837.0026,15,CCD
12837.0026,16,CCD
12837.0026,17,CCD
12837.0026,18,CCD
12837.0026,19,CCD
12838.0026,2,CCD
12838.0026,4,CCD
12838.0026,5,CCD
12838.0026,6,CCD
12838.0026,7,CCD
12838.0026,9,CCD
12838.0026,10,CCD
12838.0026,11,CCD
12839.0026,1,CCD
12839.0026,4,CCD
12839.0026,5,CCD
12839.0026,6,CCD
12839.0026,7,CCD
12839.0026,8,CCD
12839.0026,10,CCD
12839.0026,11,CCD
12839.0026,12,CCD
12839.0026,13,CCD
12839.0026,14,CCD
12841.0026,1,CCD
12841.0026,2,CCD
12842.0026,1,CCD
12843.0026,1,CCD
12851.0026,1,CCD
12852.0026,1,CCD
12852.0026,2,CCD
12853.0026,1,CCD
12854.0026,1,CCD
12860.0026,1,CCD
12861.0026,1,CCD
12864.0026,1,CCD
12864.0026,2,CCD
12867.0026,1,CCD
12868.0026,1,CCD
12869.0026,1,CCD
12869.0026,2,CCD
12869.0026,3,CCD
12869.0026,4,CCD
12869.0026,5,CCD
12869.0026,6,CCD
12870.0026,1,CCD
12870.0026,2,CCD
12870.0026,3,CCD
12870.0026,4,CCD
12870.0026,5,CCD
12870.0026,6,CCD
12870.0026,7,CCD
12870.0026,8,CCD
12870.0026,9,CCD
12870.0026,10,CCD
12870.0026,11,CCD
12870.0026,12,CCD
12870.0026,13,CCD
12870.0026,14,CCD
12872.0026,1,CCD
12872.0026,2,CCD
12879.0026,1,CCD
12879.0026,2,CCD
12879.0026,3,CCD
12879.0026,4,CCD
12879.0026,5,CCD
12879.0026,7,CCD
12879.0026,9,CCD
12879.0026,10,CCD
12879.0026,11,CCD
12879.0026,12,CCD
12879.0026,13,CCD
12879.0026,14,CCD
12879.0026,15,CCD
12879.0026,16,CCD
12879.0026,17,CCD
12879.0026,18,CCD
12879.0026,19,CCD
12879.0026,20,CCD
12879.0026,21,CCD
12879.0026,22,CCD
12879.0026,24,CCD
12879.0026,25,CCD
12879.0026,26,CCD
12879.0026,27,CCD
12879.0026,28,CCD
12879.0026,29,CCD
12879.0026,30,CCD
12879.0026,31,CCD
12879.0026,32,CCD
12879.0026,33,CCD
12879.0026,34,CCD
12879.0026,35,CCD
12879.0026,36,CCD
12879.0026,37,CCD
12879.0026,38,CCD
12879.0026,39,CCD
12879.0026,40,CCD
12879.0026,41,CCD
12879.0026,42,CCD
12879.0026,43,CCD
12879.0026,44,CCD
12879.0026,45,CCD
12879.0026,46,CCD
12879.0026,47,CCD
12879.0026,48,CCD
12879.0026,49,CCD
12879.0026,50,CCD
12879.0026,51,CCD
12879.0026,52,CCD
12879.0026,54,CCD
12879.0026,55,CCD
12879.0026,56,CCD
12879.0026,57,CCD
12879.0026,58,CCD
12879.0026,59,CCD
12879.0026,60,CCD
12879.0026,61,CCD
12879.0026,62,CCD
12879.0026,63,CCD
12879.0026,64,CCD
12879.0026,65,CCD
12879.0026,66,CCD
12879.0026,67,CCD
12879.0026,68,CCD
12879.0026,69,CCD
12879.0026,70,CCD
12879.0026,71,CCD
12879.0026,72,CCD
12879.0026,73,CCD
12879.0026,74,CCD
12879.0026,75,CCD
12879.0026,76,CCD
12879.0026,77,CCD
12879.0026,78,CCD
12879.0026,79,CCD
12879.0026,80,CCD
12879.0026,81,CCD
12879.0026,82,CCD
12879.0026,83,CCD
12879.0026,84,CCD
12879.0026,85,CCD
12879.0026,86,CCD
12879.0026,87,CCD
12879.0026,88,CCD
12879.0026,89,CCD
12879.0026,90,CCD
12879.0026,91,CCD
12879.0026,92,CCD
12879.0026,93,CCD
12879.0026,94,CCD
12879.0026,95,CCD
12879.0026,96,CCD
12879.0026,97,CCD
12879.0026,98,CCD
12879.0026,99,CCD
12879.0026,100,CCD
12879.0026,101,CCD
12879.0026,102,CCD
12879.0026,103,CCD
12879.0026,104,CCD
12879.0026,105,CCD
12879.0026,106,CCD
12879.0026,107,CCD
12879.0026,108,CCD
12880.0026,1,CCD
12883.0026,1,CCD
12883.0026,2,CCD
12884.0026,1,CCD
12884.0026,2,CCD
12884.0026,3,CCD
12891.0026,1,CCD
12891.0026,3,CCD
12891.0026,4,CCD
12892.0026,1,CCD
12892.0026,2,CCD
12892.0026,3,CCD
12893.0026,1,CCD
12894.0026,1,CCD
12894.0026,2,CCD
12895.0026,1,CCD
12895.0026,2,CCD
12895.0026,3,CCD
12895.0026,4,CCD
12897.0026,1,CCD
12897.0026,2,CCD
12897.0026,3,CCD
12897.0026,4,CCD
12897.0026,5,CCD
12897.0026,6,CCD
12898.0026,1,CCD
12899.0026,1,CCD
12899.0026,2,CCD
12899.0026,3,CCD
12899.0026,4,CCD
12900.0026,1,CCD
12904.0026,1,CCD
12906.0026,1,CCD
12906.0026,2,CCD
12906.0026,3,CCD
12906.0026,4,CCD
12907.0026,1,CCD
12908.0026,1,CCD
12909.0026,1,CCD
12910.0026,1,CCD
12911.0026,1,CCD
12912.0026,1,CCD
12914.0026,1,CCD
12917.0026,1,CCD
12917.0026,2,CCD
12917.0026,3,CCD
12917.0026,4,CCD
12917.0026,5,CCD
12917.0026,6,CCD
12918.0026,1,CCD
12918.0026,2,CCD
12918.0026,3,CCD
12918.0026,4,CCD
12918.0026,5,CCD
12919.0026,1,CCD
12919.0026,2,CCD
12919.0026,3,CCD
12920.0026,1,CCD
12921.0026,1,CCD
12922.0026,1,CCD
12923.0026,1,CCD
12924.0026,1,CCD
12925.0026,1,CCD
12926.0026,1,CCD
12926.0026,2,CCD
12926.0026,3,CCD
12926.0026,4,CCD
12927.0026,1,CCD
12928.0026,1,CCD
12928.0026,2,CCD
12929.0026,1,CCD
12929.0026,2,CCD
12930.0026,1,CCD
12931.0026,1,CCD
12931.0026,2,CCD
12932.0026,1,CCD
12933.0026,1,CCD
12933.0026,2,CCD
12933.0026,3,CCD
12936.0026,1,CCD
12937.0026,1,CCD
12937.0026,2,CCD
12937.0026,3,CCD
12938.0026,1,CCD
12939.0026,1,CCD
12940.0026,1,CCD
12940.0026,2,CCD
12940.0026,3,CCD
12941.0026,1,CCD
12943.0026,1,CCD
12944.0026,1,CCD
12944.0026,2,CCD
12946.0026,1,CCD
12946.0026,2,CCD
12946.0026,3,CCD
12946.0026,4,CCD
12946.0026,5,CCD
12950.0026,1,CCD
12950.0026,2,CCD
12950.0026,3,CCD
12950.0026,4,CCD
12956.0026,1,CCD
12956.0026,2,CCD
12957.0026,1,CCD
12957.0026,2,CCD
12958.0026,1,CCD
12958.0026,2,CCD
12958.0026,3,CCD
12958.0026,4,CCD
12959.0026,1,CCD
12960.0026,1,CCD
12961.0026,1,CCD
12961.0026,2,CCD
12961.0026,3,CCD
12962.0026,1,CCD
12963.0026,1,CCD
12963.0026,3,CCD
12963.0026,4,CCD
12964.0026,1,CCD
12971.0026,1,CCD
12971.0026,2,CCD
12971.0026,3,CCD
12971.0026,4,CCD
12971.0026,6,CCD
12971.0026,7,CCD
12971.0026,8,CCD
12971.0026,9,CCD
12971.0026,10,CCD
12971.0026,11,CCD
12971.0026,12,CCD
12971.0026,13,CCD
12971.0026,14,CCD
12971.0026,15,CCD
12971.0026,16,CCD
12971.0026,17,CCD
12971.0026,18,CCD
12971.0026,19,CCD
12971.0026,20,CCD
12971.0026,21,CCD
12971.0026,22,CCD
12971.0026,23,CCD
12971.0026,24,CCD
12971.0026,25,CCD
12971.0026,26,CCD
12971.0026,27,CCD
12971.0026,28,CCD
12971.0026,29,CCD
12971.0026,30,CCD
12971.0026,31,CCD
12971.0026,32,CCD
12971.0026,33,CCD
12971.0026,34,CCD
12972.0026,1,CCD
12972.0026,2,CCD
12973.0026,1,CCD
12974.0026,1,CCD
12975.0026,1,CCD
12976.0026,1,CCD
12977.0026,1,CCD
12979.0026,1,CCD
12980.0026,1,CCD
12982.0026,1,CCD
12982.0026,2,CCD
12984.0026,1,CCD
12985.0026,1,CCD
12986.0026,1,CCD
12991.0026,1,CCD
12991.0026,2,CCD
12993.0026,1,CCD
12993.0026,2,CCD
12993.0026,3,CCD
12993.0026,4,CCD
12994.0026,1,CCD
12995.0026,1,CCD
12995.0026,2,CCD
12995.0026,3,CCD
12996.0026,1,CCD
12996.0026,2,CCD
12996.0026,3,CCD
12997.0026,1,CCD
12998.0026,1,CCD
12999.0026,1,CCD
12999.0026,2,CCD
12999.0026,3,CCD
13001.0026,1,CCD
13003.0026,1,CCD
13004.0026,1,CCD
13005.0026,1,CCD
13006.0026,1,CCD
13007.0026,1,CCD
13008.0026,1,CCD
13008.0026,2,CCD
13009.0026,1,CCD
13010.0026,1,CCD
13012.0026,1,CCD
13013.0026,1,CCD
13014.0026,1,CCD
13015.0026,1,CCD
13031.0026,1,CCD
13031.0026,2,CCD
13051.0026,1,CCD
13051.0026,2,CCD
13051.0026,3,CCD
13051.0026,4,CCD
13052.0026,1,CCD
13053.0026,1,CCD
13053.0026,2,CCD
13055.0026,1,CCD
13056.0026,1,CCD
13056.0026,2,CCD
13056.0026,3,CCD
13057.0026,1,CCD
13060.0026,1,CCD
13061.0026,1,CCD
13062.0026,1,CCD
13064.0026,1,CCD
13064.0026,2,CCD
13064.0026,3,CCD
13065.0026,1,CCD
13066.0026,1,CCD
13067.0026,1,CCD
13068.0026,1,CCD
13068.0026,2,CCD
13069.0026,1,CCD
13070.0026,1,CCD
13071.0026,1,CCD
13072.0026,1,CCD
13073.0026,1,CCD
13073.0026,2,CCD
13073.0026,3,CCD
13074.0026,1,CCD
13074.0026,2,CCD
13074.0026,3,CCD
13074.0026,4,CCD
13074.0026,5,CCD
13074.0026,6,CCD
13074.0026,7,CCD
13074.0026,8,CCD
13074.0026,9,CCD
13075.0026,1,CCD
13076.0026,1,CCD
13077.0026,1,CCD
13078.0026,1,CCD
13079.0026,1,CCD
13080.0026,1,CCD
13081.0026,1,CCD
13082.0026,1,CCD
13083.0026,1,CCD
13084.0026,1,CCD
13085.0026,1,CCD
13086.0026,1,CCD
13091.0026,1,CCD
13091.0026,2,CCD
13092.0026,1,CCD
13093.0026,1,CCD
13094.0026,1,CCD
13095.0026,1,CCD
13095.0026,2,CCD
13096.0026,1,CCD
13096.0026,2,CCD
13098.0026,1,CCD
13099.0026,1,CCD
13100.0026,1,CCD
13107.0026,1,CCD
13108.0026,1,CCD
13109.0026,1,CCD
13110.0026,1,CCD
13111.0026,1,CCD
13112.0026,1,CCD
13113.0026,1,CCD
13114.0026,1,CCD
13115.0026,1,CCD
13116.0026,1,CCD
13117.0026,1,CCD
13117.0026,2,CCD
13117.0026,3,CCD
13117.0026,4,CCD
13118.0026,1,CCD
13118.0026,2,CCD
13119.0026,1,CCD
13120.0026,1,CCD
13121.0026,1,CCD
13122.0026,1,CCD
13123.0026,1,CCD
13124.0026,1,CCD
13124.0026,2,CCD
13125.0026,1,CCD
13126.0026,1,CCD
13126.0026,2,CCD
13126.0026,3,CCD
13126.0026,4,CCD
13127.0026,1,CCD
13129.0026,1,CCD
13130.0026,1,CCD
13131.0026,1,CCD
13131.0026,2,CCD
13131.0026,3,CCD
13131.0026,4,CCD
13131.0026,5,CCD
13131.0026,6,CCD
13131.0026,7,CCD
13131.0026,8,CCD
13131.0026,9,CCD
13131.0026,10,CCD
13131.0026,11,CCD
13131.0026,12,CCD
13131.0026,13,CCD
13131.0026,14,CCD
13131.0026,15,CCD
13131.0026,16,CCD
13131.0026,17,CCD
13131.0026,18,CCD
13131.0026,19,CCD
13131.0026,20,CCD
13131.0026,21,CCD
13131.0026,22,CCD
13131.0026,23,CCD
13131.0026,24,CCD
13131.0026,25,CCD
13131.0026,26,CCD
13131.0026,27,CCD
13132.0026,1,CCD
13132.0026,2,CCD
13133.0026,1,CCD
13134.0026,1,CCD
13134.0026,2,CCD
13135.0026,1,CCD
13135.0026,2,CCD
13135.0026,3,CCD
13135.0026,4,CCD
13135.0026,5,CCD
13135.0026,6,CCD
13135.0026,7,CCD
13135.0026,8,CCD
13135.0026,9,CCD
13135.0026,10,CCD
13135.0026,11,CCD
13135.0026,12,CCD
13135.0026,14,CCD
13135.0026,15,CCD
13135.0026,16,CCD
13135.0026,17,CCD
13135.0026,18,CCD
13135.0026,19,CCD
13135.0026,20,CCD
13135.0026,21,CCD
13135.0026,22,CCD
13135.0026,23,CCD
13135.0026,25,CCD
13135.0026,26,CCD
13135.0026,27,CCD
13135.0026,28,CCD
13135.0026,29,CCD
13135.0026,30,CCD
13135.0026,31,CCD
13135.0026,32,CCD
13135.0026,33,CCD
13135.0026,34,CCD
13135.0026,35,CCD
13135.0026,36,CCD
13135.0026,37,CCD
13135.0026,38,CCD
13135.0026,39,CCD
13135.0026,40,CCD
13136.0026,1,CCD
13136.0026,2,CCD
13136.0026,3,CCD
13136.0026,4,CCD
13136.0026,5,CCD
13136.0026,6,CCD
13136.0026,7,CCD
13138.0026,1,CCD
13140.0026,1,CCD
13141.0026,1,CCD
13142.0026,1,CCD
13143.0026,1,CCD
13144.0026,1,CCD
13145.0026,1,CCD
13146.0026,1,CCD
13149.0026,1,CCD
13151.0026,1,CCD
13151.0026,2,CCD
13152.0026,1,CCD
13153.0026,1,CCD
13154.0026,1,CCD
13154.0026,2,CCD
13155.0026,1,CCD
13159.0026,1,CCD
13164.0026,1,CCD
13165.0026,1,CCD
13167.0026,1,CCD
13167.0026,2,CCD
13168.0026,1,CCD
13170.0026,1,CCD
13171.0026,1,CCD
13172.0026,1,CCD
13173.0026,1,CCD
13176.0026,1,CCD
13176.0026,2,CCD
13177.0026,1,CCD
13191.0026,1,CCD
13192.0026,1,CCD
13193.0026,1,CCD
13194.0026,1,CCD
13195.0026,1,CCD
13196.0026,1,CCD
13197.0026,1,CCD
13198.0026,1,CCD
13199.0026,1,CCD
13200.0026,1,CCD
13201.0026,1,CCD
13202.0026,1,CCD
13203.0026,1,CCD
13203.0026,2,CCD
13203.0026,3,CCD
13204.0026,1,CCD
13204.0026,2,CCD
13204.0026,3,CCD
13205.0026,1,CCD
13206.0026,1,CCD
13206.0026,2,CCD
13206.0026,3,CCD
13207.0026,1,CCD
13208.0026,1,CCD
13208.0026,2,CCD
13208.0026,3,CCD
13208.0026,4,CCD
13208.0026,5,CCD
13208.0026,6,CCD
13208.0026,7,CCD
13209.0026,1,CCD
13212.0026,1,CCD
13216.0026,1,CCD
13216.0026,2,CCD
13216.0026,3,CCD
13217.0026,1,CCD
13217.0026,2,CCD
13217.0026,3,CCD
13218.0026,1,CCD
13218.0026,2,CCD
13218.0026,3,CCD
13223.0026,1,CCD
13224.0026,1,CCD
13226.0026,1,CCD
13226.0026,2,CCD
13226.0026,3,CCD
13226.0026,4,CCD
13229.0026,1,CCD
13231.0026,1,CCD
13232.0026,1,CCD
13233.0026,1,CCD
13234.0026,1,CCD
13235.0026,1,CCD
13235.0026,2,CCD
13235.0026,3,CCD
13236.0026,1,CCD
13237.0026,1,CCD
13238.0026,1,CCD
13238.0026,2,CCD
13239.0026,1,CCD
13240.0026,1,CCD
13241.0026,1,CCD
13241.0026,2,CCD
13242.0026,1,CCD
13242.0026,2,CCD
13242.0026,3,CCD
13242.0026,4,CCD
13242.0026,5,CCD
13242.0026,6,CCD
13242.0026,7,CCD
13242.0026,8,CCD
13243.0026,1,CCD
13244.0026,1,CCD
13251.0026,1,CCD
13253.0026,1,CCD
13254.0026,1,CCD
13255.0026,1,CCD
13256.0026,1,CCD
13257.0026,1,CCD
13258.0026,1,CCD
13259.0026,1,CCD
13260.0026,1,CCD
13261.0026,1,CCD
13262.0026,1,CCD
13263.0026,1,CCD
13263.0026,2,CCD
13264.0026,1,CCD
13311.0026,1,CCD
13311.0026,2,CCD
13318.0026,1,CCD
13319.0026,1,CCD
13321.0026,1,CCD
13322.0026,1,CCD
13322.0026,2,CCD
13322.0026,3,CCD
13322.0026,4,CCD
13322.0026,5,CCD
13322.0026,6,CCD
13331.0026,1,CCD
13331.0026,2,CCD
13332.0026,1,CCD
13332.0026,2,CCD
13332.0026,3,CCD
13332.0026,4,CCD
13332.0026,5,CCD
13332.0026,6,CCD
13332.0026,7,CCD
13332.0026,8,CCD
13332.0026,9,CCD
13332.0026,10,CCD
13332.0026,11,CCD
13332.0026,12,CCD
13332.0026,13,CCD
13332.0026,14,CCD
13332.0026,15,CCD
13332.0026,16,CCD
13332.0026,17,CCD
13332.0026,18,CCD
13332.0026,19,CCD
13332.0026,20,CCD
13332.0026,21,CCD
13332.0026,22,CCD
13332.0026,23,CCD
13332.0026,24,CCD
13332.0026,26,CCD
13332.0026,27,CCD
13332.0026,28,CCD
13333.0026,1,CCD
13334.0026,1,CCD
13335.0026,1,CCD
13336.0026,1,CCD
13336.0026,2,CCD
13336.0026,3,CCD
13336.0026,4,CCD
13337.0026,1,CCD
13339.0026,1,CCD
13340.0026,1,CCD
13341.0026,1,CCD
13342.0026,1,CCD
13343.0026,1,CCD
13346.0026,1,CCD
13347.0026,2,CCD
13347.0026,3,CCD
13347.0026,4,CCD
13347.0026,5,CCD
13347.0026,6,CCD
13347.0026,7,CCD
13347.0026,8,CCD
13349.0026,1,CCD
13351.0026,1,CCD
13352.0026,1,CCD
13352.0026,2,CCD
13353.0026,1,CCD
13354.0026,1,CCD
13354.0026,2,CCD
13355.0026,1,CCD
13355.0026,2,CCD
13355.0026,3,CCD
13355.0026,4,CCD
13356.0026,1,CCD
13356.0026,2,CCD
13357.0026,1,CCD
13358.0026,1,CCD
13359.0026,1,CCD
13360.0026,1,CCD
13362.0026,1,CCD
13362.0026,2,CCD
13363.0026,1,CCD
13370.0026,1,CCD
13370.0026,2,CCD
13370.0026,3,CCD
13370.0026,4,CCD
13370.0026,5,CCD
13370.0026,6,CCD
13370.0026,7,CCD
13370.0026,8,CCD
13370.0026,9,CCD
13370.0026,10,CCD
13370.0026,11,CCD
13370.0026,12,CCD
13370.0026,13,CCD
13370.0026,14,CCD
13370.0026,15,CCD
13371.0026,1,CCD
13391.0026,1,CCD
13391.0026,2,CCD
13392.0026,1,CCD
13393.0026,1,CCD
13394.0026,1,CCD
13395.0026,1,CCD
13397.0026,1,CCD
13398.0026,1,CCD
13401.0026,1,CCD
13401.0026,2,CCD
13403.0026,1,CCD
13404.0026,1,CCD
13405.0026,1,CCD
13406.0026,1,CCD
13406.0026,2,CCD
13409.0026,1,CCD
13410.0026,1,CCD
13412.0026,1,CCD
13412.0026,2,CCD
13413.0026,1,CCD
13417.0026,1,CCD
13420.0026,1,CCD
13420.0026,2,CCD
13420.0026,3,CCD
13420.0026,4,CCD
13424.0026,1,CCD
13425.0026,1,CCD
13425.0026,2,CCD
13425.0026,3,CCD
13426.0026,1,CCD
13426.0026,2,CCD
13426.0026,3,CCD
13427.0026,1,CCD
13427.0026,2,CCD
13431.0026,1,CCD
13431.0026,2,CCD
13432.0026,1,CCD
13432.0026,2,CCD
13432.0026,3,CCD
13435.0026,1,CCD
13435.0026,2,CCD
13435.0026,3,CCD
13436.0026,1,CCD
13437.0026,1,CCD
13437.0026,2,CCD
13438.0026,1,CCD
13439.0026,1,CCD
13439.0026,2,CCD
13439.0026,3,CCD
13440.0026,1,CCD
13440.0026,2,CCD
13441.0026,1,CCD
13441.0026,2,CCD
13455.0026,1,CCD
13455.0026,2,CCD
13458.0026,1,CCD
13462.0026,1,CCD
13462.0026,2,CCD
13462.0026,3,CCD
13462.0026,4,CCD
13462.0026,5,CCD
13462.0026,6,CCD
13462.0026,7,CCD
13462.0026,8,CCD
13462.0026,9,CCD
13462.0026,10,CCD
13462.0026,11,CCD
13462.0026,12,CCD
13465.0026,1,CCD
13467.0026,1,CCD
13468.0026,1,CCD
13469.0026,1,CCD
13470.0026,1,CCD
13470.0026,2,CCD
13470.0026,3,CCD
13471.0026,1,CCD
13472.0026,1,CCD
13473.0026,1,CCD
13474.0026,1,CCD
13475.0026,1,CCD
13476.0026,1,CCD
13477.0026,1,CCD
13478.0026,1,CCD
13478.0026,2,CCD
13479.0026,1,CCD
13480.0026,1,CCD
13481.0026,1,CCD
13481.0026,2,CCD
13481.0026,3,CCD
13482.0026,1,CCD
13482.0026,2,CCD
13482.0026,3,CCD
13482.0026,4,CCD
13483.0026,1,CCD
13483.0026,2,CCD
13483.0026,3,CCD
13483.0026,5,CCD
13483.0026,6,CCD
13483.0026,7,CCD
13483.0026,8,CCD
13483.0026,9,CCD
13483.0026,10,CCD
13483.0026,11,CCD
13484.0026,1,CCD
13489.0026,1,CCD
13490.0026,1,CCD
13490.0026,2,CCD
13491.0026,1,CCD
13492.0026,1,CCD
13492.0026,2,CCD
13492.0026,3,CCD
13492.0026,4,CCD
13493.0026,1,CCD
13494.0026,1,CCD
13495.0026,1,CCD
13495.0026,2,CCD
13495.0026,3,CCD
13495.0026,4,CCD
13496.0026,1,CCD
13513.0026,1,CCD
13514.0026,1,CCD
13514.0026,2,CCD
13514.0026,3,CCD
13514.0026,4,CCD
13514.0026,5,CCD
13515.0026,1,CCD
13516.0026,1,CCD
13516.0026,2,CCD
13516.0026,3,CCD
13516.0026,4,CCD
13516.0026,5,CCD
13517.0026,1,CCD
13517.0026,2,CCD
13517.0026,3,CCD
13517.0026,4,CCD
13517.0026,5,CCD
13518.0026,1,CCD
13518.0026,2,CCD
13518.0026,3,CCD
13519.0026,1,CCD
13521.0026,1,CCD
13525.0026,1,CCD
13525.0026,2,CCD
13525.0026,3,CCD
13525.0026,4,CCD
13525.0026,5,CCD
13530.0026,1,CCD
13531.0026,1,CCD
13540.0026,1,CCD
13540.0026,2,CCD
13541.0026,1,CCD
13543.0026,1,CCD
13544.0026,1,CCD
13545.0026,1,CCD
13546.0026,1,CCD
13547.0026,1,CCD
13548.0026,1,CCD
13550.0026,1,CCD
13550.0026,2,CCD
13551.0026,1,CCD
13551.0026,2,CCD
13553.0026,1,CCD
13553.0026,2,CCD
13554.0026,1,CCD
13555.0026,1,CCD
13556.0026,1,CCD
13559.0026,1,CCD
13560.0026,1,CCD
13560.0026,2,CCD
13561.0026,1,CCD
13561.0026,2,CCD
13562.0026,1,CCD
13562.0026,2,CCD
13563.0026,1,CCD
13563.0026,2,CCD
13564.0026,1,CCD
13564.0026,2,CCD
13565.0026,1,CCD
13565.0026,2,CCD
13565.0026,3,CCD
13566.0026,1,CCD
13567.0026,1,CCD
13567.0026,2,CCD
13567.0026,3,CCD
13568.0026,1,CCD
13568.0026,2,CCD
13568.0026,3,CCD
13568.0026,4,CCD
13569.0026,1,CCD
13570.0026,1,CCD
13571.0026,1,CCD
13571.0026,2,CCD
13571.0026,3,CCD
13571.0026,4,CCD
13571.0026,5,CCD
13571.0026,6,CCD
13571.0026,7,CCD
13572.0026,1,CCD
13572.0026,2,CCD
13572.0026,3,CCD
13573.0026,1,CCD
13574.0026,1,CCD
13575.0026,1,CCD
13576.0026,1,CCD
13576.0026,2,CCD
13576.0026,3,CCD
13576.0026,4,CCD
13577.0026,1,CCD
13578.0026,1,CCD
13579.0026,1,CCD
13579.0026,2,CCD
13580.0026,1,CCD
13581.0026,1,CCD
13582.0026,1,CCD
13583.0026,1,CCD
13584.0026,1,CCD
13587.0026,1,CCD
13590.0026,1,CCD
13591.0026,1,CCD
13592.0026,1,CCD
13593.0026,1,CCD
13594.0026,1,CCD
13594.0026,2,CCD
13594.0026,3,CCD
13596.0026,1,CCD
13599.0026,1,CCD
13600.0026,1,CCD
13601.0026,1,CCD
13602.0026,1,CCD
13604.0026,1,CCD
13604.0026,2,CCD
13605.0026,1,CCD
13609.0026,1,CCD
13609.0026,2,CCD
13610.0026,1,CCD
13613.0026,1,CCD
13613.0026,2,CCD
13614.0026,1,CCD
13614.0026,2,CCD
13614.0026,3,CCD
13618.0026,1,CCD
13618.0026,2,CCD
13618.0026,3,CCD
13618.0026,4,CCD
13618.0026,5,CCD
13619.0026,1,CCD
13619.0026,2,CCD
13621.0026,1,CCD
13621.0026,2,CCD
13621.0026,3,CCD
13623.0026,1,CCD
13626.0026,1,CCD
13629.0026,1,CCD
13630.0026,1,CCD
13631.0026,1,CCD
13632.0026,1,CCD
13633.0026,1,CCD
13634.0026,1,CCD
13635.0026,1,CCD
13637.0026,1,CCD
13639.0026,1,CCD
13640.0026,1,CCD
13640.0026,2,CCD
13640.0026,3,CCD
13642.0026,1,CCD
13642.0026,2,CCD
13642.0026,3,CCD
13643.0026,1,CCD
13643.0026,2,CCD
13644.0026,1,CCD
13644.0026,2,CCD
13644.0026,3,CCD
13644.0026,4,CCD
13644.0026,5,CCD
13644.0026,6,CCD
13644.0026,7,CCD
13644.0026,8,CCD
13644.0026,9,CCD
13645.0026,1,CCD
13645.0026,2,CCD
13646.0026,1,CCD
13646.0026,2,CCD
13646.0026,3,CCD
13646.0026,4,CCD
13646.0026,5,CCD
13646.0026,6,CCD
13646.0026,7,CCD
13646.0026,8,CCD
13646.0026,9,CCD
13647.0026,1,CCD
13647.0026,2,CCD
13648.0026,1,CCD
13650.0026,1,CCD
13651.0026,1,CCD
13651.0026,2,CCD
13651.0026,3,CCD
13651.0026,4,CCD
13651.0026,5,CCD
13651.0026,6,CCD
13651.0026,7,CCD
13651.0026,8,CCD
13652.0026,1,CCD
13652.0026,2,CCD
13652.0026,3,CCD
13652.0026,4,CCD
13653.0026,1,CCD
13653.0026,2,CCD
13653.0026,3,CCD
13653.0026,4,CCD
13653.0026,5,CCD
13653.0026,6,CCD
13657.0026,1,CCD
13660.0026,1,CCD
13664.0026,1,CCD
13664.0026,2,CCD
13664.0026,3,CCD
13664.0026,4,CCD
13664.0026,5,CCD
13664.0026,6,CCD
13664.0026,7,CCD
13665.0026,1,CCD
13668.0026,1,CCD
13668.0026,2,CCD
13669.0026,1,CCD
13669.0026,2,CCD
13669.0026,3,CCD
13669.0026,4,CCD
13671.0026,1,CCD
13671.0026,2,CCD
13674.0026,1,CCD
13674.0026,2,CCD
13674.0026,3,CCD
13674.0026,4,CCD
13674.0026,5,CCD
13674.0026,6,CCD
13674.0026,7,CCD
13675.0026,1,CCD
13676.0026,1,CCD
13677.0026,1,CCD
13678.0026,1,CCD
13679.0026,1,CCD
13681.0026,1,CCD
13682.0026,1,CCD
13683.0026,1,CCD
13683.0026,2,CCD
13683.0026,3,CCD
13683.0026,4,CCD
13683.0026,5,CCD
13683.0026,6,CCD
13683.0026,7,CCD
13683.0026,8,CCD
13683.0026,9,CCD
13683.0026,10,CCD
13684.0026,1,CCD
13684.0026,2,CCD
13685.0026,1,CCD
13685.0026,2,CCD
13685.0026,3,CCD
13685.0026,4,CCD
13685.0026,5,CCD
13685.0026,6,CCD
13685.0026,7,CCD
13685.0026,8,CCD
13685.0026,9,CCD
13686.0026,1,CCD
13686.0026,2,CCD
13686.0026,3,CCD
13687.0026,1,CCD
13687.0026,2,CCD
13687.0026,3,CCD
13688.0026,1,CCD
13688.0026,2,CCD
13688.0026,3,CCD
13691.0026,1,CCD
13691.0026,2,CCD
13691.0026,3,CCD
13691.0026,4,CCD
13692.0026,1,CCD
13692.0026,2,CCD
13692.0026,3,CCD
13693.0026,1,CCD
13693.0026,2,CCD
13693.0026,3,CCD
13694.0026,1,CCD
13695.0026,1,CCD
13695.0026,2,CCD
13699.0026,1,CCD
13699.0026,2,CCD
13699.0026,3,CCD
13700.0026,1,CCD
13700.0026,2,CCD
13701.0026,1,CCD
13701.0026,2,CCD
13702.0026,1,CCD
13705.0026,1,CCD
13706.0026,1,CCD
13707.0026,1,CCD
13707.0026,2,CCD
13708.0026,1,CCD
13708.0026,2,CCD
13708.0026,3,CCD
13710.0026,1,CCD
13710.0026,2,CCD
13710.0026,4,CCD
13710.0026,5,CCD
13716.0026,1,CCD
13716.0026,2,CCD
13716.0026,3,CCD
13717.0026,1,CCD
13717.0026,2,CCD
13717.0026,3,CCD
13717.0026,4,CCD
13717.0026,5,CCD
13717.0026,6,CCD
13717.0026,7,CCD
13717.0026,8,CCD
13717.0026,11,CCD
13717.0026,12,CCD
13717.0026,13,CCD
13717.0026,14,CCD
13719.0026,1,CCD
13720.0026,1,CCD
13720.0026,2,CCD
13720.0026,3,CCD
13720.0026,4,CCD
13721.0026,1,CCD
13722.0026,1,CCD
13722.0026,2,CCD
13725.0026,1,CCD
13726.0026,1,CCD
13729.0026,1,CCD
13730.0026,1,CCD
13730.0026,2,CCD
13730.0026,3,CCD
13730.0026,4,CCD
13730.0026,5,CCD
13730.0026,6,CCD
13730.0026,8,CCD
13731.0026,1,CCD
13734.0026,1,CCD
13735.0026,1,CCD
13735.0026,2,CCD
13735.0026,3,CCD
13735.0026,4,CCD
13736.0026,1,CCD
13736.0026,2,CCD
13738.0026,1,CCD
13739.0026,1,CCD
13740.0026,1,CCD
13740.0026,2,CCD
13741.0026,1,CCD
13743.0026,1,CCD
13746.0026,1,CCD
13751.0026,1,CCD
13752.0026,1,CCD
13752.0026,2,CCD
13752.0026,3,CCD
13752.0026,4,CCD
13752.0026,5,CCD
13752.0026,6,CCD
13752.0026,7,CCD
13752.0026,8,CCD
13752.0026,9,CCD
13752.0026,10,CCD
13752.0026,11,CCD
13752.0026,12,CCD
13752.0026,13,CCD
13752.0026,14,CCD
13752.0026,15,CCD
13753.0026,1,CCD
13754.0026,1,CCD
13754.0026,2,CCD
13754.0026,3,CCD
13755.0026,1,CCD
13758.0026,1,CCD
13762.0026,1,CCD
13762.0026,2,CCD
13762.0026,3,CCD
13763.0026,1,CCD
13782.0026,1,CCD
13782.0026,2,CCD
13782.0026,3,CCD
13782.0026,4,CCD
13782.0026,5,CCD
13782.0026,6,CCD
13782.0026,7,CCD
13783.0026,1,CCD
13784.0026,1,CCD
13784.0026,2,CCD
13785.0026,1,CCD
13785.0026,2,CCD
13785.0026,3,CCD
13785.0026,4,CCD
13785.0026,5,CCD
13785.0026,6,CCD
13786.0026,1,CCD
13787.0026,1,CCD
13788.0026,1,CCD
13789.0026,1,CCD
13790.0026,1,CCD
13791.0026,1,CCD
13792.0026,1,CCD
13793.0026,1,CCD
13794.0026,1,CCD
13794.0026,2,CCD
13794.0026,3,CCD
13794.0026,4,CCD
13795.0026,1,CCD
13795.0026,2,CCD
13799.0026,1,CCD
13800.0026,1,CCD
13800.0026,2,CCD
13800.0026,3,CCD
13801.0026,1,CCD
13801.0026,2,CCD
13801.0026,3,CCD
13801.0026,4,CCD
13801.0026,5,CCD
13802.0026,1,CCD
13802.0026,2,CCD
13802.0026,3,CCD
13802.0026,4,CCD
13802.0026,5,CCD
13802.0026,6,CCD
13803.0026,1,CCD
13804.0026,1,CCD
13805.0026,1,CCD
13806.0026,1,CCD
13807.0026,1,CCD
13807.0026,2,CCD
13807.0026,3,CCD
13807.0026,4,CCD
13807.0026,5,CCD
13808.0026,1,CCD
13809.0026,1,CCD
13809.0026,2,CCD
13809.0026,3,CCD
13810.0026,1,CCD
13812.0026,1,CCD
13813.0026,1,CCD
13813.0026,2,CCD
13813.0026,3,CCD
13813.0026,4,CCD
13813.0026,5,CCD
13813.0026,6,CCD
13814.0026,1,CCD
13815.0026,1,CCD
13815.0026,2,CCD
13815.0026,3,CCD
13816.0026,1,CCD
13816.0026,2,CCD
13816.0026,3,CCD
13816.0026,4,CCD
13816.0026,5,CCD
13816.0026,6,CCD
13816.0026,7,CCD
13816.0026,8,CCD
13816.0026,9,CCD
13816.0026,10,CCD
13816.0026,11,CCD
13816.0026,12,CCD
13816.0026,13,CCD
13816.0026,14,CCD
13816.0026,15,CCD
13816.0026,16,CCD
13816.0026,17,CCD
13816.0026,18,CCD
13816.0026,19,CCD
13816.0026,20,CCD
13816.0026,21,CCD
13816.0026,22,CCD
13816.0026,23,CCD
13816.0026,24,CCD
13816.0026,25,CCD
13816.0026,26,CCD
13816.0026,27,CCD
13816.0026,28,CCD
13816.0026,29,CCD
13816.0026,30,CCD
13816.0026,31,CCD
13816.0026,32,CCD
13816.0026,33,CCD
13817.0026,1,CCD
13817.0026,2,CCD
13817.0026,3,CCD
13818.0026,1,CCD
13818.0026,2,CCD
13818.0026,3,CCD
13818.0026,4,CCD
13818.0026,5,CCD
13818.0026,6,CCD
13819.0026,1,CCD
13819.0026,2,CCD
13821.0026,1,CCD
13821.0026,2,CCD
13821.0026,3,CCD
13821.0026,4,CCD
13821.0026,5,CCD
13821.0026,6,CCD
13822.0026,1,CCD
13823.0026,1,CCD
13823.0026,2,CCD
13823.0026,3,CCD
13824.0026,1,CCD
13825.0026,1,CCD
13826.0026,1,CCD
13826.0026,2,CCD
13827.0026,1,CCD
13827.0026,2,CCD
13827.0026,3,CCD
13827.0026,4,CCD
13827.0026,5,CCD
13827.0026,6,CCD
13827.0026,7,CCD
13827.0026,8,CCD
13828.0026,1,CCD
13845.0026,1,CCD
13845.0026,2,CCD
13846.0026,1,CCD
13850.0026,1,CCD
13850.0026,2,CCD
13851.0026,1,CCD
13851.0026,2,CCD
13851.0026,3,CCD
13851.0026,4,CCD
13852.0026,1,CCD
13852.0026,2,CCD
13853.0026,1,CCD
13854.0026,1,CCD
13854.0026,2,CCD
13855.0026,1,CCD
13855.0026,2,CCD
13856.0026,1,CCD
13857.0026,1,CCD
13857.0026,2,CCD
13857.0026,3,CCD
13857.0026,4,CCD
13857.0026,5,CCD
13857.0026,6,CCD
13858.0026,1,CCD
13858.0026,2,CCD
13859.0026,1,CCD
13859.0026,2,CCD
13861.0026,1,CCD
13861.0026,2,CCD
13862.0026,1,CCD
13864.0026,1,CCD
13864.0026,2,CCD
13866.0026,1,CCD
13867.0026,1,CCD
13868.0026,1,CCD
13869.0026,1,CCD
13870.0026,1,CCD
13871.0026,1,CCD
13879.0026,1,CCD
13879.0026,2,CCD
13880.0026,1,CCD
13881.0026,1,CCD
13882.0026,1,CCD
13883.0026,1,CCD
13885.0026,1,CCD
13886.0026,1,CCD
13896.0026,1,CCD
13897.0026,1,CCD
13897.0026,2,CCD
13897.0026,3,CCD
13897.0026,6,CCD
13897.0026,7,CCD
13901.0026,1,CCD
13901.0026,2,CCD
13902.0026,1,CCD
13903.0026,1,CCD
13904.0026,1,CCD
13907.0026,1,CCD
13907.0026,2,CCD
13910.0026,1,CCD
13910.0026,2,CCD
13911.0026,1,CCD
13913.0026,1,CCD
13913.0026,2,CCD
13913.0026,3,CCD
13913.0026,4,CCD
13913.0026,5,CCD
13915.0026,1,CCD
13916.0026,1,CCD
13917.0026,1,CCD
13917.0026,2,CCD
13917.0026,3,CCD
13918.0026,1,CCD
13918.0026,2,CCD
13918.0026,3,CCD
13919.0026,1,CCD
13919.0026,2,CCD
13919.0026,3,CCD
13919.0026,4,CCD
13919.0026,5,CCD
13919.0026,6,CCD
13919.0026,7,CCD
13919.0026,8,CCD
13919.0026,9,CCD
13919.0026,10,CCD
13919.0026,11,CCD
13919.0026,12,CCD
13919.0026,13,CCD
13919.0026,14,CCD
13919.0026,15,CCD
13919.0026,16,CCD
13919.0026,17,CCD
13919.0026,18,CCD
13920.0026,1,CCD
13921.0026,1,CCD
13922.0026,1,CCD
13923.0026,1,CCD
13923.0026,2,CCD
13923.0026,3,CCD
13923.0026,4,CCD
13924.0026,1,CCD
13924.0026,2,CCD
13925.0026,1,CCD
13946.0026,1,CCD
13952.0026,1,CCD
13952.0026,2,CCD
13953.0026,1,CCD
13955.0026,1,CCD
13955.0026,2,CCD
13955.0026,3,CCD
13955.0026,4,CCD
13955.0026,5,CCD
13955.0026,6,CCD
13955.0026,7,CCD
13956.0026,1,CCD
13956.0026,2,CCD
13956.0026,3,CCD
13956.0026,4,CCD
13956.0026,5,CCD
13959.0026,1,CCD
13960.0026,1,CCD
13960.0026,2,CCD
13960.0026,3,CCD
13960.0026,4,CCD
13960.0026,5,CCD
13960.0026,6,CCD
13960.0026,7,CCD
13960.0026,8,CCD
13960.0026,9,CCD
13963.0026,1,CCD
13963.0026,2,CCD
13963.0026,3,CCD
13963.0026,4,CCD
13964.0026,1,CCD
13965.0026,1,CCD
13966.0026,1,CCD
13969.0026,1,CCD
13970.0026,1,CCD
13970.0026,2,CCD
13970.0026,3,CCD
13970.0026,4,CCD
13970.0026,5,CCD
13970.0026,6,CCD
13970.0026,7,CCD
13974.0026,1,CCD
13974.0026,2,CCD
13975.0026,1,CCD
13978.0026,1,CCD
13978.0026,2,CCD
13980.0026,1,CCD
13981.0026,1,CCD
13981.0026,2,CCD
13982.0026,1,CCD
13986.0026,1,CCD
13987.0026,1,CCD
13988.0026,1,CCD
13988.0026,2,CCD
13989.0026,1,CCD
13990.0026,1,CCD
13991.0026,1,CCD
13991.0026,2,CCD
13991.0026,3,CCD
13991.0026,4,CCD
13991.0026,5,CCD
13991.0026,6,CCD
13992.0026,1,CCD
13994.0026,1,CCD
13995.0026,1,CCD
13995.0026,2,CCD
13995.0026,3,CCD
13995.0026,4,CCD
13995.0026,5,CCD
13995.0026,6,CCD
13995.0026,7,CCD
13995.0026,8,CCD
13995.0026,9,CCD
13995.0026,10,CCD
13996.0026,1,CCD
13996.0026,2,CCD
13998.0026,1,CCD
13998.0026,2,CCD
13998.0026,3,CCD
13999.0026,1,CCD
14000.0026,1,CCD
14001.0026,1,CCD
14002.0026,1,CCD
14002.0026,2,CCD
14002.0026,3,CCD
14002.0026,4,CCD
14002.0026,5,CCD
14002.0026,6,CCD
14002.0026,7,CCD
14002.0026,8,CCD
14002.0026,9,CCD
14002.0026,10,CCD
14002.0026,11,CCD
14003.0026,1,CCD
14011.0026,1,CCD
14012.0026,1,CCD
14012.0026,2,CCD
14016.0026,1,CCD
14017.0026,1,CCD
14017.0026,2,CCD
14017.0026,3,CCD
14017.0026,4,CCD
14017.0026,5,CCD
14017.0026,6,CCD
14017.0026,7,CCD
14017.0026,8,CCD
14017.0026,9,CCD
14017.0026,10,CCD
14017.0026,10000,CCD
14017.0026,10001,CCD
14017.0026,10002,CCD
14018.0026,1,CCD
14018.0026,2,CCD
14018.0026,3,CCD
14018.0026,4,CCD
14018.0026,6,CCD
14018.0026,7,CCD
14018.0026,8,CCD
14018.0026,9,CCD
14018.0026,10,CCD
14018.0026,11,CCD
14019.0026,1,CCD
14019.0026,2,CCD
14019.0026,3,CCD
14019.0026,4,CCD
14019.0026,6,CCD
14019.0026,7,CCD
14019.0026,8,CCD
14019.0026,9,CCD
14019.0026,10,CCD
14020.0026,1,CCD
14021.0026,1,CCD
14021.0026,2,CCD
14021.0026,3,CCD
14022.0026,1,CCD
14022.0026,3,CCD
14022.0026,4,CCD
14022.0026,5,CCD
14022.0026,6,CCD
14022.0026,7,CCD
14022.0026,8,CCD
14023.0026,1,CCD
14023.0026,2,CCD
14023.0026,3,CCD
14023.0026,5,CCD
14023.0026,6,CCD
14023.0026,7,CCD
14023.0026,8,CCD
14023.0026,9,CCD
14023.0026,10,CCD
14024.0026,1,CCD
14024.0026,2,CCD
14025.0026,1,CCD
14030.0026,1,CCD
14033.0026,1,CCD
14045.0026,1,CCD
14046.0026,1,CCD
14049.0026,1,CCD
14049.0026,2,CCD
14051.0026,1,CCD
14051.0026,2,CCD
14051.0026,3,CCD
14052.0026,1,CCD
14054.0026,1,CCD
14055.0026,1,CCD
14055.0026,2,CCD
14055.0026,3,CCD
14055.0026,4,CCD
14055.0026,5,CCD
14055.0026,6,CCD
14055.0026,7,CCD
14056.0026,1,CCD
14061.0026,1,CCD
14062.0026,1,CCD
14062.0026,2,CCD
14062.0026,3,CCD
14062.0026,4,CCD
14062.0026,5,CCD
14063.0026,1,CCD
14067.0026,1,CCD
14067.0026,2,CCD
14069.0026,1,CCD
14070.0026,1,CCD
14073.0026,1,CCD
14075.0026,1,CCD
14081.0026,1,CCD
14082.0026,1,CCD
14083.0026,1,CCD
14084.0026,1,CCD
14085.0026,1,CCD
14085.0026,2,CCD
14086.0026,1,CCD
14087.0026,1,CCD
14087.0026,2,CCD
14088.0026,1,CCD
14088.0026,2,CCD
14088.0026,3,CCD
14088.0026,4,CCD
14091.0026,1,CCD
14091.0026,2,CCD
14091.0026,3,CCD
14091.0026,4,CCD
14091.0026,5,CCD
14091.0026,6,CCD
14092.0026,1,CCD
14093.0026,1,CCD
14094.0026,1,CCD
14094.0026,2,CCD
14094.0026,3,CCD
14094.0026,4,CCD
14095.0026,1,CCD
14096.0026,1,CCD
14097.0026,1,CCD
14097.0026,2,CCD
14098.0026,1,CCD
14098.0026,2,CCD
14099.0026,1,CCD
14100.0026,1,CCD
14100.0026,2,CCD
14105.0026,1,CCD
14106.0026,1,CCD
14106.0026,2,CCD
14106.0026,3,CCD
14107.0026,1,CCD
14108.0026,1,CCD
14109.0026,1,CCD
14110.0026,1,CCD
14111.0026,1,CCD
14111.0026,2,CCD
14112.0026,1,CCD
14112.0026,2,CCD
14113.0026,1,CCD
14113.0026,2,CCD
14114.0026,1,CCD
14114.0026,2,CCD
14115.0026,1,CCD
14117.0026,1,CCD
14118.0026,1,CCD
14118.0026,2,CCD
14118.0026,3,CCD
14118.0026,4,CCD
14119.0026,1,CCD
14119.0026,2,CCD
14120.0026,1,CCD
14120.0026,2,CCD
14120.0026,3,CCD
14120.0026,4,CCD
14120.0026,5,CCD
14121.0026,1,CCD
14122.0026,1,CCD
14125.0026,1,CCD
14125.0026,2,CCD
14125.0026,3,CCD
14125.0026,4,CCD
14125.0026,5,CCD
14125.0026,6,CCD
14125.0026,7,CCD
14128.0026,1,CCD
14133.0026,1,CCD
14133.0026,2,CCD
14133.0026,3,CCD
14134.0026,1,CCD
14138.0026,1,CCD
14143.0026,1,CCD
14143.0026,2,CCD
14143.0026,3,CCD
14143.0026,4,CCD
14143.0026,5,CCD
14143.0026,6,CCD
14148.0026,1,CCD
14148.0026,2,CCD
14148.0026,3,CCD
14148.0026,4,CCD
14148.0026,5,CCD
14150.0026,1,CCD
14152.0026,1,CCD
14153.0026,1,CCD
14155.0026,1,CCD
14155.0026,2,CCD
14155.0026,3,CCD
14155.0026,4,CCD
14156.0026,1,CCD
14157.0026,1,CCD
14160.0026,1,CCD
14160.0026,2,CCD
14161.0026,1,CCD
14161.0026,2,CCD
14164.0026,1,CCD
14167.0026,1,CCD
14168.0026,1,CCD
14168.0026,2,CCD
14172.0026,1,CCD
14172.0026,2,CCD
14173.0026,1,CCD
14173.0026,2,CCD
14173.0026,3,CCD
14178.0026,1,CCD
14179.0026,1,CCD
14179.0026,2,CCD
14180.0026,1,CCD
14180.0026,2,CCD
14180.0026,3,CCD
14180.0026,4,CCD
14182.0026,1,CCD
14186.0026,1,CCD
14187.0026,1,CCD
14188.0026,1,CCD
14188.0026,2,CCD
14188.0026,3,CCD
14188.0026,4,CCD
14189.0026,1,CCD
14189.0026,2,CCD
14190.0026,1,CCD
14191.0026,1,CCD
14192.0026,1,CCD
14193.0026,1,CCD
14193.0026,2,CCD
14193.0026,3,CCD
14193.0026,4,CCD
14193.0026,5,CCD
14193.0026,6,CCD
14193.0026,7,CCD
14193.0026,8,CCD
14193.0026,9,CCD
14193.0026,10,CCD
14193.0026,11,CCD
14194.0026,1,CCD
14194.0026,2,CCD
14195.0026,1,CCD
14195.0026,2,CCD
14195.0026,3,CCD
14195.0026,4,CCD
14195.0026,5,CCD
14195.0026,6,CCD
14196.0026,1,CCD
14196.0026,2,CCD
14196.0026,3,CCD
14197.0026,1,CCD
14197.0026,2,CCD
14197.0026,3,CCD
14198.0026,1,CCD
14199.0026,1,CCD
14199.0026,2,CCD
14202.0026,1,CCD
14202.0026,2,CCD
14204.0026,1,CCD
14205.0026,1,CCD
14205.0026,2,CCD
14205.0026,3,CCD
14206.0026,1,CCD
14206.0026,2,CCD
14207.0026,1,CCD
14207.0026,2,CCD
14208.0026,1,CCD
14209.0026,1,CCD
14209.0026,2,CCD
14209.0026,3,CCD
14209.0026,4,CCD
14209.0026,5,CCD
14209.0026,6,CCD
14209.0026,7,CCD
14209.0026,8,CCD
14209.0026,9,CCD
14210.0026,1,CCD
14210.0026,2,CCD
14210.0026,3,CCD
14210.0026,4,CCD
14210.0026,5,CCD
14210.0026,6,CCD
14210.0026,7,CCD
14210.0026,8,CCD
14211.0026,1,CCD
14211.0026,2,CCD
14211.0026,3,CCD
14211.0026,4,CCD
14211.0026,5,CCD
14211.0026,6,CCD
14211.0026,7,CCD
14211.0026,8,CCD
14211.0026,9,CCD
14211.0026,10,CCD
14217.0026,1,CCD
14218.0026,1,CCD
14223.0026,1,CCD
14227.0026,1,CCD
14227.0026,2,CCD
14227.0026,3,CCD
14227.0026,4,CCD
14227.0026,5,CCD
14228.0026,1,CCD
14229.0026,1,CCD
14229.0026,2,CCD
14232.0026,1,CCD
14237.0026,1,CCD
14238.0026,1,CCD
14239.0026,1,CCD
14240.0026,1,CCD
14240.0026,2,CCD
14241.0026,1,CCD
14241.0026,2,CCD
14241.0026,3,CCD
14241.0026,4,CCD
14241.0026,5,CCD
14241.0026,6,CCD
14241.0026,7,CCD
14242.0026,1,CCD
14242.0026,2,CCD
14243.0026,1,CCD
14244.0026,1,CCD
14245.0026,1,CCD
14245.0026,2,CCD
14245.0026,3,CCD
14246.0026,1,CCD
14247.0026,1,CCD
14248.0026,1,CCD
14255.0026,1,CCD
14255.0026,2,CCD
14257.0026,1,CCD
14258.0026,1,CCD
14258.0026,2,CCD
14258.0026,3,CCD
14259.0026,1,CCD
14259.0026,2,CCD
14260.0026,1,CCD
14261.0026,1,CCD
14262.0026,1,CCD
14264.0026,1,CCD
14265.0026,1,CCD
14265.0026,2,CCD
14267.0026,1,CCD
14270.0026,1,CCD
14271.0026,1,CCD
14271.0026,2,CCD
14271.0026,3,CCD
14272.0026,1,CCD
14274.0026,1,CCD
14274.0026,2,CCD
14274.0026,3,CCD
14275.0026,1,CCD
14275.0026,2,CCD
14275.0026,3,CCD
14276.0026,1,CCD
14276.0026,2,CCD
14279.0026,1,CCD
14283.0026,1,CCD
14284.0026,1,CCD
14284.0026,2,CCD
14289.0026,1,CCD
14289.0026,2,CCD
14289.0026,3,CCD
14289.0026,4,CCD
14289.0026,5,CCD
14289.0026,6,CCD
14289.0026,7,CCD
14289.0026,8,CCD
14291.0026,1,CCD
14291.0026,2,CCD
14291.0026,3,CCD
14294.0026,1,CCD
14296.0026,1,CCD
14297.0026,1,CCD
14298.0026,1,CCD
14302.0026,1,CCD
14302.0026,2,CCD
14303.0026,1,CCD
14303.0026,2,CCD
14303.0026,3,CCD
14304.0026,1,CCD
14304.0026,2,CCD
14305.0026,1,CCD
14305.0026,2,CCD
14308.0026,1,CCD
14309.0026,1,CCD
14310.0026,1,CCD
14311.0026,1,CCD
14311.0026,2,CCD
14312.0026,1,CCD
14314.0026,1,CCD
14315.0026,1,CCD
14315.0026,2,CCD
14315.0026,3,CCD
14315.0026,4,CCD
14316.0026,1,CCD
14317.0026,1,CCD
14318.0026,1,CCD
14319.0026,1,CCD
14320.0026,1,CCD
14320.0026,2,CCD
14320.0026,3,CCD
14321.0026,1,CCD
14321.0026,2,CCD
14321.0026,3,CCD
14323.0026,1,CCD
14325.0026,1,CCD
14325.0026,2,CCD
14325.0026,3,CCD
14325.0026,4,CCD
14325.0026,5,CCD
14325.0026,6,CCD
14328.0026,1,CCD
14329.0026,1,CCD
14329.0026,2,CCD
14330.0026,1,CCD
14330.0026,2,CCD
14330.0026,3,CCD
14331.0026,1,CCD
14333.0026,1,CCD
14335.0026,1,CCD
14335.0026,2,CCD
14335.0026,3,CCD
14336.0026,1,CCD
14336.0026,2,CCD
14336.0026,3,CCD
14336.0026,4,CCD
14337.0026,1,CCD
14337.0026,2,CCD
14337.0026,4,CCD
14338.0026,1,CCD
14338.0026,2,CCD
14338.0026,3,CCD
14339.0026,1,CCD
14339.0026,2,CCD
14339.0026,3,CCD
14339.0026,4,CCD
14340.0026,1,CCD
14340.0026,2,CCD
14341.0026,1,CCD
14341.0026,2,CCD
14341.0026,3,CCD
14342.0026,1,CCD
14342.0026,2,CCD
14343.0026,1,CCD
14345.0026,1,CCD
14345.0026,2,CCD
14346.0026,1,CCD
14346.0026,2,CCD
14347.0026,1,CCD
14348.0026,1,CCD
14349.0026,1,CCD
14350.0026,1,CCD
14350.0026,2,CCD
14350.0026,3,CCD
14350.0026,4,CCD
14351.0026,1,CCD
14355.0026,1,CCD
14355.0026,2,CCD
14356.0026,1,CCD
14356.0026,2,CCD
14356.0026,3,CCD
14356.0026,4,CCD
14356.0026,5,CCD
14356.0026,6,CCD
14356.0026,7,CCD
14356.0026,8,CCD
14356.0026,9,CCD
14356.0026,10,CCD
14357.0026,1,CCD
14357.0026,2,CCD
14357.0026,3,CCD
14358.0026,1,CCD
14358.0026,2,CCD
14359.0026,1,CCD
14360.0026,1,CCD
14361.0026,1,CCD
14362.0026,1,CCD
14366.0026,1,CCD
14367.0026,1,CCD
14367.0026,2,CCD
14368.0026,1,CCD
14368.0026,2,CCD
14369.0026,1,CCD
14369.0026,5,CCD
14369.0026,6,CCD
14369.0026,7,CCD
14369.0026,8,CCD
14369.0026,9,CCD
14369.0026,10,CCD
14369.0026,11,CCD
14369.0026,12,CCD
14369.0026,13,CCD
14369.0026,14,CCD
14369.0026,15,CCD
14369.0026,16,CCD
14369.0026,17,CCD
14369.0026,18,CCD
14370.0026,1,CCD
14372.0026,1,CCD
14372.0026,2,CCD
14373.0026,1,CCD
14373.0026,2,CCD
14374.0026,1,CCD
14375.0026,1,CCD
14375.0026,2,CCD
14375.0026,3,CCD
14375.0026,4,CCD
14375.0026,5,CCD
14375.0026,6,CCD
14375.0026,7,CCD
14375.0026,8,CCD
14375.0026,9,CCD
14461.0026,1,CCD
14464.0026,1,CCD
14465.0026,1,CCD
14465.0026,2,CCD
14469.0026,1,CCD
14470.0026,1,CCD
14470.0026,2,CCD
14470.0026,3,CCD
14470.0026,4,CCD
14470.0026,5,CCD
14470.0026,6,CCD
14471.0026,1,CCD
14471.0026,2,CCD
14471.0026,3,CCD
14472.0026,1,CCD
14472.0026,2,CCD
14472.0026,3,CCD
14472.0026,4,CCD
14472.0026,5,CCD
14473.0026,1,CCD
14473.0026,2,CCD
14473.0026,3,CCD
14474.0026,1,CCD
14474.0026,2,CCD
14475.0026,1,CCD
14475.0026,4,CCD
14475.0026,5,CCD
14475.0026,6,CCD
14475.0026,7,CCD
14475.0026,8,CCD
14475.0026,9,CCD
14475.0026,10,CCD
14476.0026,1,CCD
14477.0026,1,CCD
14478.0026,1,CCD
14478.0026,3,CCD
14478.0026,4,CCD
14478.0026,5,CCD
14478.0026,6,CCD
14479.0026,1,CCD
14479.0026,2,CCD
14479.0026,3,CCD
14479.0026,4,CCD
14479.0026,5,CCD
14479.0026,6,CCD
14479.0026,7,CCD
14480.0026,1,CCD
14482.0026,1,CCD
14485.0026,1,CCD
14486.0026,1,CCD
14486.0026,2,CCD
14486.0026,3,CCD
14486.0026,4,CCD
14487.0026,1,CCD
14487.0026,2,CCD
14487.0026,4,CCD
14488.0026,1,CCD
14489.0026,1,CCD
14489.0026,2,CCD
14489.0026,3,CCD
14489.0026,4,CCD
14491.0026,1,CCD
14491.0026,3,CCD
14491.0026,4,CCD
14491.0026,5,CCD
14491.0026,6,CCD
14494.0026,1,CCD
14495.0026,1,CCD
14496.0026,1,CCD
14496.0026,2,CCD
14497.0026,1,CCD
14498.0026,1,CCD
14499.0026,1,CCD
14500.0026,1,CCD
14500.0026,2,CCD
14500.0026,3,CCD
14500.0026,4,CCD
14501.0026,1,CCD
14501.0026,2,CCD
14501.0026,3,CCD
14501.0026,4,CCD
14501.0026,5,CCD
14501.0026,6,CCD
14501.0026,7,CCD
14501.0026,8,CCD
14501.0026,9,CCD
14501.0026,10,CCD
14501.0026,11,CCD
14502.0026,1,CCD
14503.0026,1,CCD
14505.0026,1,CCD
14505.0026,2,CCD
14505.0026,3,CCD
14505.0026,4,CCD
14505.0026,5,CCD
14506.0026,1,CCD
14508.0026,1,CCD
14509.0026,1,CCD
14510.0026,1,CCD
14511.0026,1,CCD
14512.0026,1,CCD
14513.0026,1,CCD
14514.0026,1,CCD
14517.0026,1,CCD
14518.0026,1,CCD
14521.0026,1,CCD
14522.0026,1,CCD
14523.0026,1,CCD
14524.0026,1,CCD
14524.0026,2,CCD
14527.0026,1,CCD
14528.0026,1,CCD
14528.0026,2,CCD
14528.0026,3,CCD
14528.0026,4,CCD
14528.0026,5,CCD
14528.0026,6,CCD
14528.0026,7,CCD
14529.0026,1,CCD
14530.0026,1,CCD
14531.0026,1,CCD
14531.0026,2,CCD
14531.0026,3,CCD
14531.0026,4,CCD
14531.0026,5,CCD
14531.0026,6,CCD
14531.0026,7,CCD
14531.0026,8,CCD
14531.0026,9,CCD
14531.0026,10,CCD
14531.0026,11,CCD
14531.0026,12,CCD
14531.0026,13,CCD
14531.0026,14,CCD
14531.0026,15,CCD
14531.0026,16,CCD
14531.0026,17,CCD
14532.0026,1,CCD
14532.0026,2,CCD
14532.0026,3,CCD
14532.0026,4,CCD
14532.0026,5,CCD
14532.0026,6,CCD
14533.0026,1,CCD
14533.0026,2,CCD
14534.0026,1,CCD
14535.0026,1,CCD
14536.0026,1,CCD
14537.0026,1,CCD
14538.0026,1,CCD
14538.0026,2,CCD
14539.0026,1,CCD
14540.0026,1,CCD
14541.0026,1,CCD
14541.0026,2,CCD
14542.0026,1,CCD
14543.0026,1,CCD
14544.0026,1,CCD
14545.0026,1,CCD
14546.0026,1,CCD
14546.0026,2,CCD
14550.0026,1,CCD
14550.0026,2,CCD
14550.0026,3,CCD
14550.0026,4,CCD
14551.0026,1,CCD
14551.0026,2,CCD
14551.0026,3,CCD
14551.0026,4,CCD
14551.0026,5,CCD
14551.0026,6,CCD
14551.0026,7,CCD
14551.0026,8,CCD
14551.0026,9,CCD
14551.0026,10,CCD
14552.0026,1,CCD
14553.0026,1,CCD
14555.0026,1,CCD
14555.0026,2,CCD
14556.0026,1,CCD
14557.0026,1,CCD
14558.0026,1,CCD
14558.0026,2,CCD
14558.0026,3,CCD
14558.0026,4,CCD
14558.0026,5,CCD
14558.0026,6,CCD
14559.0026,1,CCD
14560.0026,1,CCD
14561.0026,1,CCD
14561.0026,2,CCD
14561.0026,3,CCD
14561.0026,4,CCD
14561.0026,5,CCD
14562.0026,1,CCD
14562.0026,2,CCD
14563.0026,1,CCD
14563.0026,3,CCD
14563.0026,4,CCD
14563.0026,5,CCD
14563.0026,6,CCD
14563.0026,7,CCD
14563.0026,8,CCD
14563.0026,9,CCD
14688.0026,1,CCD
14689.0026,1,CCD
14689.0026,2,CCD
14690.0026,1,CCD
14690.0026,2,CCD
14692.0026,1,CCD
14692.0026,3,CCD
14692.0026,4,CCD
14692.0026,5,CCD
14692.0026,6,CCD
14692.0026,7,CCD
14693.0026,1,CCD
14694.0026,1,CCD
14695.0026,1,CCD
14695.0026,2,CCD
14695.0026,3,CCD
14695.0026,4,CCD
14695.0026,5,CCD
14695.0026,6,CCD
14698.0026,1,CCD
14699.0026,1,CCD
14699.0026,2,CCD
14699.0026,3,CCD
14699.0026,4,CCD
14700.0026,1,CCD
14700.0026,2,CCD
14701.0026,1,CCD
14701.0026,2,CCD
14701.0026,3,CCD
14702.0026,1,CCD
14703.0026,1,CCD
14704.0026,1,CCD
14705.0026,1,CCD
14706.0026,1,CCD
14707.0026,1,CCD
14708.0026,1,CCD
14711.0026,1,CCD
14711.0026,2,CCD
14711.0026,3,CCD
14711.0026,4,CCD
14711.0026,5,CCD
14712.0026,1,CCD
14712.0026,2,CCD
14712.0026,3,CCD
14712.0026,4,CCD
14712.0026,5,CCD
14713.0026,1,CCD
14713.0026,2,CCD
14714.0026,1,CCD
14714.0026,2,CCD
14714.0026,3,CCD
14714.0026,4,CCD
14715.0026,1,CCD
14717.0026,1,CCD
14718.0026,1,CCD
14718.0026,2,CCD
14720.0026,1,CCD
14721.0026,1,CCD
14723.0026,1,CCD
14724.0026,1,CCD
14724.0026,2,CCD
14726.0026,1,CCD
14727.0026,1,CCD
14728.0026,1,CCD
14728.0026,2,CCD
14728.0026,3,CCD
14728.0026,4,CCD
14728.0026,5,CCD
14728.0026,6,CCD
14729.0026,1,CCD
14732.0026,1,CCD
14732.0026,2,CCD
14732.0026,3,CCD
14733.0026,1,CCD
14733.0026,2,CCD
14733.0026,3,CCD
14734.0026,1,CCD
14734.0026,2,CCD
14734.0026,3,CCD
14736.0026,1,CCD
14739.0026,1,CCD
14743.0026,1,CCD
14743.0026,2,CCD
14744.0026,1,CCD
14744.0026,2,CCD
14744.0026,3,CCD
14745.0026,1,CCD
14746.0026,1,CCD
14747.0026,1,CCD
14748.0026,1,CCD
14749.0026,1,CCD
14749.0026,2,CCD
14752.0026,1,CCD
14752.0026,2,CCD
14753.0026,1,CCD
14753.0026,2,CCD
14753.0026,3,CCD
14753.0026,4,CCD
14753.0026,5,CCD
14753.0026,6,CCD
14753.0026,7,CCD
14753.0026,8,CCD
14753.0026,9,CCD
14753.0026,10,CCD
14753.0026,11,CCD
14753.0026,12,CCD
14753.0026,13,CCD
14755.0026,1,CCD
14756.0026,1,CCD
14757.0026,1,CCD
14757.0026,2,CCD
14757.0026,3,CCD
14758.0026,1,CCD
14759.0026,1,CCD
14759.0026,2,CCD
14759.0026,3,CCD
14759.0026,4,CCD
14759.0026,5,CCD
14760.0026,1,CCD
14761.0026,1,CCD
14762.0026,1,CCD
14763.0026,1,CCD
14764.0026,1,CCD
14765.0026,1,CCD
14765.0026,2,CCD
14765.0026,3,CCD
14766.0026,1,CCD
14766.0026,2,CCD
14766.0026,3,CCD
14766.0026,4,CCD
14766.0026,5,CCD
14766.0026,6,CCD
14768.0026,1,CCD
14768.0026,2,CCD
14770.0026,1,CCD
14771.0026,1,CCD
14771.0026,2,CCD
14772.0026,1,CCD
14773.0026,1,CCD
14774.0026,1,CCD
14775.0026,1,CCD
14776.0026,1,CCD
14777.0026,1,CCD
14778.0026,1,CCD
14779.0026,1,CCD
14780.0026,1,CCD
14781.0026,1,CCD
14782.0026,1,CCD
14782.0026,2,CCD
14783.0026,1,CCD
14784.0026,1,CCD
14785.0026,1,CCD
14785.0026,2,CCD
14787.0026,1,CCD
14787.0026,2,CCD
14788.0026,1,CCD
14790.0026,1,CCD
14790.0026,2,CCD
14791.0026,1,CCD
14792.0026,1,CCD
14795.0026,1,CCD
14796.0026,1,CCD
14797.0026,1,CCD
14798.0026,1,CCD
14802.0026,1,CCD
14802.0026,2,CCD
14803.0026,1,CCD
14803.0026,2,CCD
14803.0026,4,CCD
14804.0026,1,CCD
14804.0026,2,CCD
14805.0026,1,CCD
14805.0026,2,CCD
14805.0026,3,CCD
14805.0026,4,CCD
14806.0026,1,CCD
14806.0026,2,CCD
14806.0026,3,CCD
14807.0026,1,CCD
14808.0026,1,CCD
14809.0026,1,CCD
14809.0026,2,CCD
14810.0026,1,CCD
14810.0026,2,CCD
14810.0026,3,CCD
14810.0026,4,CCD
14810.0026,5,CCD
14810.0026,6,CCD
14810.0026,7,CCD
14810.0026,8,CCD
14810.0026,9,CCD
14810.0026,10,CCD
14810.0026,11,CCD
14810.0026,12,CCD
14810.0026,13,CCD
14810.0026,15,CCD
14810.0026,16,CCD
14810.0026,17,CCD
14810.0026,18,CCD
14810.0026,19,CCD
14810.0026,20,CCD
14810.0026,21,CCD
14810.0026,22,CCD
14810.0026,23,CCD
14810.0026,24,CCD
14810.0026,25,CCD
14810.0026,26,CCD
14810.0026,27,CCD
14810.0026,28,CCD
14810.0026,29,CCD
14810.0026,30,CCD
14810.0026,31,CCD
14810.0026,32,CCD
14810.0026,33,CCD
14810.0026,34,CCD
14810.0026,35,CCD
14810.0026,37,CCD
14810.0026,38,CCD
14810.0026,39,CCD
14811.0026,1,CCD
14812.0026,1,CCD
14813.0026,1,CCD
14815.0026,1,CCD
14815.0026,2,CCD
14816.0026,1,CCD
14816.0026,2,CCD
14816.0026,3,CCD
14816.0026,4,CCD
14818.0026,1,CCD
14820.0026,1,CCD
14820.0026,2,CCD
14821.0026,1,CCD
14822.0026,1,CCD
14822.0026,2,CCD
14823.0026,1,CCD
14823.0026,2,CCD
14824.0026,1,CCD
14825.0026,1,CCD
14826.0026,1,CCD
14827.0026,1,CCD
14828.0026,1,CCD
14829.0026,1,CCD
14829.0026,2,CCD
14829.0026,3,CCD
14829.0026,4,CCD
14829.0026,5,CCD
14833.0026,1,CCD
14834.0026,1,CCD
14834.0026,2,CCD
14835.0026,1,CCD
14836.0026,1,CCD
14836.0026,2,CCD
14836.0026,3,CCD
14837.0026,1,CCD
14837.0026,2,CCD
14838.0026,1,CCD
14838.0026,2,CCD
14838.0026,3,CCD
14839.0026,1,CCD
14839.0026,2,CCD
14840.0026,1,CCD
14840.0026,2,CCD
14840.0026,3,CCD
14843.0026,1,CCD
14844.0026,1,CCD
14845.0026,1,CCD
14846.0026,1,CCD
14847.0026,1,CCD
14847.0026,2,CCD
14847.0026,3,CCD
14847.0026,4,CCD
14851.0026,1,CCD
14851.0026,2,CCD
14853.0026,1,CCD
14854.0026,1,CCD
14859.0026,1,CCD
14862.0026,1,CCD
14864.0026,1,CCD
14864.0026,2,CCD
14865.0026,1,CCD
14865.0026,2,CCD
14866.0026,1,CCD
14866.0026,2,CCD
14867.0026,1,CCD
14868.0026,1,CCD
14871.0026,1,CCD
14872.0026,1,CCD
14873.0026,1,CCD
14874.0026,1,CCD
14877.0026,1,CCD
14878.0026,1,CCD
14878.0026,2,CCD
14878.0026,3,CCD
14878.0026,4,CCD
14878.0026,5,CCD
14879.0026,1,CCD
14885.0026,1,CCD
14887.0026,1,CCD
14887.0026,2,CCD
14887.0026,3,CCD
14888.0026,1,CCD
14888.0026,2,CCD
14889.0026,1,CCD
14889.0026,2,CCD
14889.0026,3,CCD
14889.0026,4,CCD
14889.0026,5,CCD
14889.0026,6,CCD
14889.0026,7,CCD
14889.0026,8,CCD
14889.0026,9,CCD
14889.0026,10,CCD
14889.0026,11,CCD
14889.0026,12,CCD
14889.0026,13,CCD
14889.0026,14,CCD
14889.0026,15,CCD
14889.0026,16,CCD
14889.0026,17,CCD
14889.0026,18,CCD
14889.0026,19,CCD
14889.0026,20,CCD
14889.0026,21,CCD
14889.0026,22,CCD
14889.0026,23,CCD
14889.0026,24,CCD
14889.0026,25,CCD
14889.0026,26,CCD
14889.0026,27,CCD
14889.0026,28,CCD
14889.0026,29,CCD
14889.0026,30,CCD
14889.0026,31,CCD
14889.0026,32,CCD
14889.0026,34,CCD
14889.0026,35,CCD
14889.0026,36,CCD
14889.0026,37,CCD
14889.0026,38,CCD
14889.0026,39,CCD
14889.0026,40,CCD
14889.0026,41,CCD
14889.0026,42,CCD
14889.0026,43,CCD
14889.0026,44,CCD
14889.0026,45,CCD
14889.0026,46,CCD
14889.0026,47,CCD
14889.0026,48,CCD
14889.0026,49,CCD
14889.0026,50,CCD
14889.0026,51,CCD
14889.0026,52,CCD
14889.0026,54,CCD
14889.0026,55,CCD
14889.0026,56,CCD
14889.0026,58,CCD
14889.0026,59,CCD
14889.0026,60,CCD
14889.0026,61,CCD
14889.0026,62,CCD
14889.0026,63,CCD
14889.0026,64,CCD
14889.0026,65,CCD
14889.0026,66,CCD
14889.0026,67,CCD
14889.0026,68,CCD
14889.0026,69,CCD
14889.0026,70,CCD
14889.0026,71,CCD
14889.0026,72,CCD
14889.0026,73,CCD
14889.0026,74,CCD
14889.0026,75,CCD
14889.0026,76,CCD
14889.0026,77,CCD
14889.0026,78,CCD
14889.0026,79,CCD
14889.0026,80,CCD
14889.0026,81,CCD
14889.0026,82,CCD
14889.0026,83,CCD
14889.0026,84,CCD
14889.0026,85,CCD
14889.0026,86,CCD
14889.0026,87,CCD
14889.0026,88,CCD
14889.0026,89,CCD
14889.0026,90,CCD
14889.0026,91,CCD
14889.0026,93,CCD
14889.0026,94,CCD
14889.0026,95,CCD
14889.0026,96,CCD
14889.0026,97,CCD
14889.0026,98,CCD
14889.0026,99,CCD
14889.0026,100,CCD
14889.0026,101,CCD
14889.0026,102,CCD
14889.0026,103,CCD
14889.0026,104,CCD
14889.0026,10000,CCD
14889.0026,10001,CCD
14889.0026,10002,CCD
14889.0026,10003,CCD
14889.0026,10004,CCD
14890.0026,1,CCD
14890.0026,2,CCD
14890.0026,3,CCD
14890.0026,4,CCD
14891.0026,1,CCD
14891.0026,2,CCD
14892.0026,1,CCD
14892.0026,2,CCD
14892.0026,3,CCD
14893.0026,1,CCD
14894.0026,1,CCD
14895.0026,1,CCD
14895.0026,2,CCD
14896.0026,1,CCD
14896.0026,2,CCD
14896.0026,3,CCD
14897.0026,1,CCD
14898.0026,1,CCD
14899.0026,1,CCD
14902.0026,1,CCD
14903.0026,1,CCD
14903.0026,2,CCD
14904.0026,1,CCD
14905.0026,1,CCD
14905.0026,2,CCD
14906.0026,1,CCD
14907.0026,1,CCD
14908.0026,1,CCD
14909.0026,1,CCD
14910.0026,1,CCD
14911.0026,1,CCD
14912.0026,1,CCD
14912.0026,2,CCD
14912.0026,3,CCD
14912.0026,4,CCD
14912.0026,5,CCD
14912.0026,6,CCD
14912.0026,7,CCD
14914.0026,1,CCD
14915.0026,1,CCD
14916.0026,1,CCD
14920.0026,1,CCD
14921.0026,1,CCD
14922.0026,1,CCD
14923.0026,1,CCD
14924.0026,1,CCD
14924.0026,2,CCD
14925.0026,1,CCD
14925.0026,2,CCD
14925.0026,3,CCD
14926.0026,1,CCD
14927.0026,1,CCD
14927.0026,2,CCD
14927.0026,3,CCD
14928.0026,1,CCD
14929.0026,1,CCD
14930.0026,1,CCD
14930.0026,2,CCD
14931.0026,1,CCD
14934.0026,1,CCD
14934.0026,2,CCD
14934.0026,3,CCD
14935.0026,1,CCD
14935.0026,2,CCD
14936.0026,1,CCD
14937.0026,1,CCD
14938.0026,1,CCD
14940.0026,1,CCD
14943.0026,1,CCD
14944.0026,1,CCD
14945.0026,1,CCD
14946.0026,1,CCD
14947.0026,1,CCD
14948.0026,1,CCD
14948.0026,2,CCD
14948.0026,3,CCD
14948.0026,4,CCD
14948.0026,5,CCD
14948.0026,6,CCD
14948.0026,7,CCD
14948.0026,8,CCD
14948.0026,9,CCD
14948.0026,10,CCD
14948.0026,11,CCD
14948.0026,12,CCD
14948.0026,13,CCD
14948.0026,14,CCD
14948.0026,15,CCD
14948.0026,16,CCD
14948.0026,17,CCD
14948.0026,18,CCD
14948.0026,19,CCD
14948.0026,20,CCD
14949.0026,1,CCD
14949.0026,2,CCD
14949.0026,3,CCD
14949.0026,4,CCD
14950.0026,1,CCD
14950.0026,2,CCD
14950.0026,3,CCD
14950.0026,4,CCD
14951.0026,1,CCD
14951.0026,3,CCD
14951.0026,4,CCD
14951.0026,5,CCD
14951.0026,6,CCD
14952.0026,1,CCD
14953.0026,1,CCD
14954.0026,1,CCD
14955.0026,1,CCD
14956.0026,1,CCD
14959.0026,1,CCD
14959.0026,2,CCD
14961.0026,1,CCD
14961.0026,2,CCD
14962.0026,1,CCD
14964.0026,1,CCD
14964.0026,2,CCD
14964.0026,3,CCD
14964.0026,4,CCD
14964.0026,5,CCD
14965.0026,1,CCD
14966.0026,1,CCD
14967.0026,1,CCD
14968.0026,1,CCD
14969.0026,1,CCD
14970.0026,1,CCD
14971.0026,1,CCD
14972.0026,1,CCD
14973.0026,1,CCD
14974.0026,1,CCD
14975.0026,1,CCD
14976.0026,1,CCD
14978.0026,1,CCD
14978.0026,2,CCD
14980.0026,1,CCD
14982.0026,1,CCD
14984.0026,1,CCD
14987.0026,1,CCD
14987.0026,2,CCD
14987.0026,3,CCD
14987.0026,4,CCD
14988.0026,1,CCD
14996.0026,1,CCD
14996.0026,2,CCD
14997.0026,1,CCD
14997.0026,2,CCD
15003.0026,1,CCD
15004.0026,1,CCD
15005.0026,1,CCD
15005.0026,2,CCD
15005.0026,3,CCD
15005.0026,4,CCD
15005.0026,5,CCD
15005.0026,6,CCD
15005.0026,7,CCD
15006.0026,1,CCD
15007.0026,1,CCD
15008.0026,1,CCD
15008.0026,2,CCD
15009.0026,1,CCD
15009.0026,2,CCD
15009.0026,3,CCD
15009.0026,4,CCD
15010.0026,1,CCD
15010.0026,2,CCD
15011.0026,1,CCD
15011.0026,2,CCD
15012.0026,1,CCD
15012.0026,2,CCD
15013.0026,1,CCD
15013.0026,2,CCD
15135.0026,1,CCD
15136.0026,1,CCD
15140.0026,1,CCD
15140.0026,2,CCD
15142.0026,1,CCD
15144.0026,1,CCD
15144.0026,2,CCD
15144.0026,3,CCD
15145.0026,1,CCD
15146.0026,1,CCD
15147.0026,1,CCD
15147.0026,2,CCD
15147.0026,3,CCD
15147.0026,4,CCD
15150.0026,1,CCD
15154.0026,1,CCD
15154.0026,2,CCD
15155.0026,1,CCD
15156.0026,1,CCD
15157.0026,1,CCD
15157.0026,2,CCD
15158.0026,1,CCD
15159.0026,1,CCD
15160.0026,1,CCD
15160.0026,2,CCD
15160.0026,3,CCD
15160.0026,4,CCD
15160.0026,5,CCD
15160.0026,6,CCD
15161.0026,1,CCD
15161.0026,2,CCD
15162.0026,1,CCD
15162.0026,2,CCD
15162.0026,3,CCD
15162.0026,4,CCD
15163.0026,1,CCD
15163.0026,2,CCD
15164.0026,1,CCD
15164.0026,2,CCD
15164.0026,3,CCD
15164.0026,4,CCD
15165.0026,1,CCD
15166.0026,1,CCD
15166.0026,2,CCD
15166.0026,3,CCD
15166.0026,4,CCD
15166.0026,5,CCD
15166.0026,6,CCD
15166.0026,7,CCD
15167.0026,1,CCD
15168.0026,1,CCD
15168.0026,2,CCD
15169.0026,1,CCD
15169.0026,2,CCD
15174.0026,1,CCD
15176.0026,1,CCD
15178.0026,1,CCD
15179.0026,1,CCD
15180.0026,1,CCD
15182.0026,1,CCD
15189.0026,1,CCD
15190.0026,1,CCD
15191.0026,1,CCD
15193.0026,1,CCD
15195.0026,1,CCD
15196.0026,1,CCD
15198.0026,1,CCD
15198.0026,2,CCD
15198.0026,3,CCD
15198.0026,4,CCD
15199.0026,1,CCD
15200.0026,1,CCD
15201.0026,1,CCD
15205.0026,1,CCD
15206.0026,1,CCD
15206.0026,2,CCD
15206.0026,3,CCD
15206.0026,4,CCD
15206.0026,5,CCD
15207.0026,1,CCD
15208.0026,1,CCD
15209.0026,1,CCD
15209.0026,2,CCD
15210.0026,1,CCD
15210.0026,2,CCD
15211.0026,1,CCD
15212.0026,1,CCD
15212.0026,2,CCD
15212.0026,3,CCD
15212.0026,4,CCD
15212.0026,6,CCD
15212.0026,7,CCD
15212.0026,8,CCD
15212.0026,9,CCD
15212.0026,10,CCD
15212.0026,11,CCD
15212.0026,13,CCD
15212.0026,14,CCD
15212.0026,15,CCD
15213.0026,1,CCD
15214.0026,1,CCD
15221.0026,1,CCD
15221.0026,2,CCD
15223.0026,1,CCD
15224.0026,1,CCD
15224.0026,2,CCD
15225.0026,1,CCD
15225.0026,2,CCD
15225.0026,3,CCD
15225.0026,4,CCD
15225.0026,5,CCD
15225.0026,6,CCD
15225.0026,7,CCD
15225.0026,8,CCD
15225.0026,9,CCD
15225.0026,10,CCD
15227.0026,1,CCD
15228.0026,1,CCD
15228.0026,2,CCD
15229.0026,1,CCD
15229.0026,2,CCD
15229.0026,3,CCD
15229.0026,4,CCD
15229.0026,5,CCD
15229.0026,6,CCD
15231.0026,1,CCD
15231.0026,2,CCD
15231.0026,3,CCD
15231.0026,4,CCD
15232.0026,1,CCD
15232.0026,2,CCD
15232.0026,3,CCD
15232.0026,4,CCD
15232.0026,5,CCD
15232.0026,6,CCD
15232.0026,7,CCD
15232.0026,8,CCD
15232.0026,9,CCD
15232.0026,10,CCD
15232.0026,11,CCD
15232.0026,12,CCD
15232.0026,13,CCD
15232.0026,14,CCD
15232.0026,15,CCD
15232.0026,16,CCD
15232.0026,17,CCD
15232.0026,18,CCD
15232.0026,19,CCD
15232.0026,20,CCD
15232.0026,21,CCD
15232.0026,22,CCD
15232.0026,23,CCD
15232.0026,24,CCD
15232.0026,25,CCD
15232.0026,26,CCD
15232.0026,27,CCD
15232.0026,28,CCD
15232.0026,29,CCD
15232.0026,30,CCD
15232.0026,31,CCD
15232.0026,32,CCD
15232.0026,33,CCD
15232.0026,34,CCD
15233.0026,1,CCD
15233.0026,2,CCD
15234.0026,1,CCD
15234.0026,2,CCD
15234.0026,3,CCD
15238.0026,1,CCD
15238.0026,2,CCD
15239.0026,1,CCD
15240.0026,1,CCD
15240.0026,2,CCD
15241.0026,1,CCD
15241.0026,2,CCD
15241.0026,3,CCD
15241.0026,4,CCD
15241.0026,5,CCD
15242.0026,1,CCD
15242.0026,2,CCD
15242.0026,3,CCD
15242.0026,4,CCD
15242.0026,5,CCD
15242.0026,6,CCD
15242.0026,7,CCD
15242.0026,8,CCD
15242.0026,9,CCD
15242.0026,10,CCD
15242.0026,11,CCD
15242.0026,12,CCD
15243.0026,1,CCD
15244.0026,1,CCD
15244.0026,2,CCD
15245.0026,1,CCD
15246.0026,1,CCD
15247.0026,1,CCD
15248.0026,2,CCD
15248.0026,3,CCD
15251.0026,1,CCD
15251.0026,2,CCD
15251.0026,3,CCD
15254.0026,1,CCD
15254.0026,2,CCD
15254.0026,3,CCD
15254.0026,4,CCD
15258.0026,1,CCD
15259.0026,1,CCD
15260.0026,1,CCD
15261.0026,1,CCD
15263.0026,1,CCD
15264.0026,1,CCD
15265.0026,1,CCD
15266.0026,1,CCD
15267.0026,1,CCD
15267.0026,2,CCD
15267.0026,3,CCD
15267.0026,4,CCD
15267.0026,5,CCD
15267.0026,6,CCD
15267.0026,7,CCD
15269.0026,1,CCD
15269.0026,2,CCD
15269.0026,3,CCD
15269.0026,4,CCD
15269.0026,5,CCD
15269.0026,6,CCD
15270.0026,1,CCD
15270.0026,2,CCD
15271.0026,1,CCD
15271.0026,2,CCD
15273.0026,1,CCD
15274.0026,1,CCD
15275.0026,1,CCD
15277.0026,1,CCD
15278.0026,1,CCD
15278.0026,2,CCD
15279.0026,1,CCD
15280.0026,1,CCD
15280.0026,2,CCD
15281.0026,1,CCD
15282.0026,1,CCD
15282.0026,2,CCD
15283.0026,1,CCD
15283.0026,2,CCD
15284.0026,1,CCD
15284.0026,2,CCD
15285.0026,1,CCD
15285.0026,2,CCD
15286.0026,1,CCD
15287.0026,1,CCD
15288.0026,1,CCD
15288.0026,2,CCD
15288.0026,3,CCD
15288.0026,4,CCD
15288.0026,5,CCD
15288.0026,6,CCD
15288.0026,7,CCD
15288.0026,8,CCD
15288.0026,9,CCD
15288.0026,10,CCD
15288.0026,11,CCD
15288.0026,12,CCD
15288.0026,13,CCD
15288.0026,14,CCD
15289.0026,1,CCD
15291.0026,1,CCD
15291.0026,2,CCD
15291.0026,3,CCD
15293.0026,1,CCD
15293.0026,2,CCD
15293.0026,3,CCD
15294.0026,1,CCD
15297.0026,1,CCD
15298.0026,1,CCD
15299.0026,1,CCD
15300.0026,1,CCD
15301.0026,1,CCD
15302.0026,1,CCD
15302.0026,2,CCD
15302.0026,3,CCD
15302.0026,4,CCD
15302.0026,5,CCD
15303.0026,1,CCD
15304.0026,1,CCD
15305.0026,1,CCD
15305.0026,2,CCD
15306.0026,1,CCD
15306.0026,2,CCD
15306.0026,3,CCD
15306.0026,4,CCD
15308.0026,1,CCD
15308.0026,2,CCD
15314.0026,1,CCD
15314.0026,2,CCD
15314.0026,3,CCD
15314.0026,4,CCD
15314.0026,5,CCD
15314.0026,6,CCD
15314.0026,7,CCD
15314.0026,8,CCD
15314.0026,9,CCD
15314.0026,10,CCD
15314.0026,11,CCD
15314.0026,12,CCD
15314.0026,13,CCD
15314.0026,14,CCD
15314.0026,15,CCD
15314.0026,16,CCD
15314.0026,17,CCD
15315.0026,1,CCD
15316.0026,1,CCD
15316.0026,2,CCD
15316.0026,3,CCD
15316.0026,4,CCD
15316.0026,5,CCD
15317.0026,1,CCD
15318.0026,1,CCD
15318.0026,2,CCD
15319.0026,1,CCD
15320.0026,1,CCD
15321.0026,1,CCD
15322.0026,1,CCD
15323.0026,1,CCD
15323.0026,2,CCD
15324.0026,1,CCD
15325.0026,1,CCD
15332.0026,1,CCD
15335.0026,1,CCD
15335.0026,2,CCD
15335.0026,4,CCD
15335.0026,5,CCD
15336.0026,1,CCD
15336.0026,2,CCD
15336.0026,3,CCD
15336.0026,4,CCD
15337.0026,1,CCD
15338.0026,1,CCD
15338.0026,2,CCD
15338.0026,4,CCD
15338.0026,5,CCD
15338.0026,6,CCD
15338.0026,7,CCD
15338.0026,8,CCD
15338.0026,9,CCD
15339.0026,1,CCD
15340.0026,1,CCD
15341.0026,1,CCD
15342.0026,1,CCD
15343.0026,1,CCD
15343.0026,2,CCD
15343.0026,3,CCD
15343.0026,4,CCD
15345.0026,1,CCD
15346.0026,1,CCD
15347.0026,1,CCD
15348.0026,1,CCD
15349.0026,1,CCD
15350.0026,1,CCD
15350.0026,2,CCD
15350.0026,3,CCD
15350.0026,4,CCD
15351.0026,1,CCD
15354.0026,1,CCD
15355.0026,1,CCD
15356.0026,1,CCD
15356.0026,2,CCD
15357.0026,1,CCD
15357.0026,2,CCD
15358.0026,1,CCD
15359.0026,1,CCD
15360.0026,2,CCD
15362.0026,1,CCD
15362.0026,2,CCD
15362.0026,3,CCD
15362.0026,4,CCD
15363.0026,1,CCD
15364.0026,1,CCD
15365.0026,1,CCD
15366.0026,1,CCD
15367.0026,1,CCD
15367.0026,2,CCD
15367.0026,3,CCD
15367.0026,4,CCD
15367.0026,5,CCD
15367.0026,6,CCD
15367.0026,7,CCD
15367.0026,8,CCD
15367.0026,9,CCD
15368.0026,1,CCD
15369.0026,1,CCD
15370.0026,1,CCD
15371.0026,1,CCD
15372.0026,1,CCD
15372.0026,2,CCD
15372.0026,3,CCD
15372.0026,4,CCD
15373.0026,1,CCD
15375.0026,1,CCD
15376.0026,1,CCD
15376.0026,2,CCD
15376.0026,3,CCD
15378.0026,1,CCD
15380.0026,1,CCD
15381.0026,1,CCD
15383.0026,1,CCD
15384.0026,1,CCD
15385.0026,1,CCD
15386.0026,1,CCD
15389.0026,1,CCD
15389.0026,2,CCD
15389.0026,3,CCD
15390.0026,1,CCD
15390.0026,2,CCD
15390.0026,3,CCD
15390.0026,4,CCD
15390.0026,5,CCD
15390.0026,6,CCD
15390.0026,7,CCD
15390.0026,8,CCD
15390.0026,9,CCD
15390.0026,10,CCD
15390.0026,11,CCD
15390.0026,12,CCD
15392.0026,1,CCD
15392.0026,2,CCD
15392.0026,3,CCD
15392.0026,4,CCD
15392.0026,5,CCD
15392.0026,6,CCD
15392.0026,7,CCD
15392.0026,8,CCD
15392.0026,9,CCD
15392.0026,10,CCD
15392.0026,11,CCD
15393.0026,1,CCD
15395.0026,1,CCD
15396.0026,1,CCD
15396.0026,2,CCD
15397.0026,1,CCD
15398.0026,1,CCD
15399.0026,1,CCD
15400.0026,1,CCD
15402.0026,1,CCD
15402.0026,2,CCD
15403.0026,1,CCD
15403.0026,2,CCD
15403.0026,3,CCD
15404.0026,1,CCD
15404.0026,2,CCD
15405.0026,1,CCD
15405.0026,2,CCD
15406.0026,1,CCD
15406.0026,2,CCD
15407.0026,1,CCD
15407.0026,2,CCD
15408.0026,1,CCD
15408.0026,2,CCD
15409.0026,1,CCD
15409.0026,2,CCD
15410.0026,1,CCD
15410.0026,2,CCD
15410.0026,3,CCD
15410.0026,4,CCD
15410.0026,5,CCD
15410.0026,7,CCD
15410.0026,8,CCD
15410.0026,9,CCD
15410.0026,10,CCD
15410.0026,11,CCD
15411.0026,1,CCD
15411.0026,2,CCD
15412.0026,1,CCD
15412.0026,2,CCD
15413.0026,1,CCD
15413.0026,2,CCD
15413.0026,3,CCD
15413.0026,4,CCD
15413.0026,5,CCD
15413.0026,6,CCD
15414.0026,1,CCD
15414.0026,2,CCD
15415.0026,1,CCD
15415.0026,2,CCD
15416.0026,1,CCD
15416.0026,2,CCD
15416.0026,3,CCD
15416.0026,4,CCD
15416.0026,5,CCD
15416.0026,6,CCD
15417.0026,1,CCD
15417.0026,2,CCD
15417.0026,3,CCD
15418.0026,1,CCD
15418.0026,2,CCD
15418.0026,3,CCD
15419.0026,1,CCD
15419.0026,2,CCD
15419.0026,3,CCD
15420.0026,1,CCD
15420.0026,2,CCD
15421.0026,1,CCD
15421.0026,2,CCD
15422.0026,1,CCD
15422.0026,2,CCD
15423.0026,1,CCD
15423.0026,2,CCD
15424.0026,1,CCD
15425.0026,1,CCD
15425.0026,2,CCD
15426.0026,1,CCD
15426.0026,2,CCD
15428.0026,1,CCD
15428.0026,2,CCD
15430.0026,1,CCD
15430.0026,2,CCD
15431.0026,1,CCD
15431.0026,2,CCD
15432.0026,1,CCD
15432.0026,2,CCD
15435.0026,1,CCD
15435.0026,2,CCD
15435.0026,3,CCD
15435.0026,4,CCD
15436.0026,1,CCD
15436.0026,2,CCD
15437.0026,1,CCD
15438.0026,1,CCD
15438.0026,2,CCD
15438.0026,3,CCD
15438.0026,4,CCD
15439.0026,1,CCD
15439.0026,2,CCD
15440.0026,1,CCD
15440.0026,2,CCD
15441.0026,1,CCD
15441.0026,2,CCD
15442.0026,1,CCD
15442.0026,2,CCD
15443.0026,1,CCD
15443.0026,2,CCD
